sid,images,hydrography,rain(24hr/50yr),soils-name,localwaterbasin-hu_12_name,roads-fename,largewaterbasin-hu_8_name,mediumwaterbasin-hu_10_name,roads-fetype
2,LA1_Page_002.jpg,Calabasas Creek,,DIABLO CLAY LOAM,Bell Creek-Los Angeles River,Ventura,Los Angeles,Upper Los Angeles River,Blvd
3,LA1_Page_003.jpg,Bell Creek,6.8,YOLO LOAM,Tujunga Wash-Los Angeles River,Remmet,Los Angeles,Upper Los Angeles River,Ave
4,LA1_Page_004.jpg,Los Angeles River,7.4,YOLO CLAY LOAM,Tujunga Wash-Los Angeles River,Tampa,Los Angeles,Upper Los Angeles River,Ave
5,LA1_Page_005.jpg,Los Angeles River,7.2,YOLO CLAY LOAM,Tujunga Wash-Los Angeles River,Independence,Los Angeles,Upper Los Angeles River,Ave
6,LA1_Page_006.jpg,Bull Creek,7.2,YOLO FINE SANDY LOAM,Tujunga Wash-Los Angeles River,Roscoe,Los Angeles,Upper Los Angeles River,Blvd
7,LA1_Page_007.jpg,Bull Creek,,YOLO FINE SANDY LOAM,Bull Creek,Forbes,Los Angeles,Upper Los Angeles River,Ave
8,LA1_Page_008.jpg,Bull Creek,7.4,YOLO SANDY LOAM,Tujunga Wash-Los Angeles River,Sherman,Los Angeles,Upper Los Angeles River,Way
9,LA1_Page_009.jpg,,6,CHINO SILT LOAM,Alhambra Wash-Rio Hondo,Rosemead,Los Angeles,Rio Hondo,Blvd
10,LA1_Page_010.jpg,,,CHINO SILT LOAM,Alhambra Wash-Rio Hondo,Durfee,Los Angeles,Rio Hondo,Ave
11,LA1_Page_011.jpg,Los Angeles River,7.8,YOLO FINE SANDY LOAM,Tujunga Wash-Los Angeles River,Moorpark,Los Angeles,Upper Los Angeles River,St
12,LA1_Page_012.jpg,,6,HANFORD FINE SANDY LOAM,Alhambra Wash-Rio Hondo,Durfee,Los Angeles,Rio Hondo,Ave
13,LA1_Page_013.jpg,,6,HANFORD FINE SANDY LOAM,Alhambra Wash-Rio Hondo,Durfee,Los Angeles,Rio Hondo,Ave
14,LA1_Page_014.jpg,Los Angeles River,7.4,DIABLO CLAY LOAM,Tujunga Wash-Los Angeles River,Woodman,Los Angeles,Upper Los Angeles River,Ave
15,LA1_Page_015.jpg,,6,HANFORD SILT LOAM,Coyote Creek-San Gabriel River,Workman Mill,San Gabriel,Lower San Gabriel River,Rd
16,LA1_Page_016.jpg,,5.8,HANFORD FINE SANDY LOAM,Coyote Creek-San Gabriel River,Beverly,San Gabriel,Lower San Gabriel River,Blvd
17,LA1_Page_017.jpg,,7.2,TUJUNGA FINE SANDY LOAM,Tujunga Wash-Los Angeles River,Babcock,Los Angeles,Upper Los Angeles River,Ave
18,LA1_Page_018.jpg,,6.8,TUJUNGA FINE SANDY LOAM,Tujunga Wash-Los Angeles River,Magnolia,Los Angeles,Upper Los Angeles River,Blvd
19,LA1_Page_019.jpg,Tujunga Wash,7.2,TUJUNGA FINE SANDY LOAM,Tujunga Wash-Los Angeles River,Cumpston,Los Angeles,Upper Los Angeles River,St
20,LA1_Page_020.jpg,,7.2,TUJUNGA FINE SANDY LOAM,Tujunga Wash-Los Angeles River,Laurel Canyon,Los Angeles,Upper Los Angeles River,Blvd
21,LA1_Page_021.jpg,,5.6,RAMONA LOAM,Santa Monica Beach-Frontal Santa Monica Bay,Rose,Santa Monica Bay,Garapito Creek-Frontal Santa Monica Bay,Ave
22,LA1_Page_022.jpg,,5.6,CHINO SILT LOAM,Santa Monica Beach-Frontal Santa Monica Bay,Sunset,Santa Monica Bay,Garapito Creek-Frontal Santa Monica Bay,Ave
23,LA1_Page_023.jpg,,5.6,CHINO SILT LOAM,Santa Monica Beach-Frontal Santa Monica Bay,Ocean Front,Santa Monica Bay,Garapito Creek-Frontal Santa Monica Bay,Walk
24,LA1_Page_024.jpg,,5.6,CHINO SILT LOAM,Santa Monica Beach-Frontal Santa Monica Bay,Speedway,Santa Monica Bay,Garapito Creek-Frontal Santa Monica Bay,
25,LA1_Page_025.jpg,Los Angeles River,7.2,YOLO LOAM,Tujunga Wash-Los Angeles River,Ventura,Los Angeles,Upper Los Angeles River,Blvd
26,LA1_Page_026.jpg,,5.8,RAMONA LOAM,Coyote Creek-San Gabriel River,,San Gabriel,Lower San Gabriel River,
27,LA1_Page_027.jpg,Ballona Creek,5.6,YOLO LOAM,Ballona Creek,Venice,Santa Monica Bay,Ballona Creek,Blvd
28,LA1_Page_028.jpg,Los Angeles River,6.6,TUJUNGA FINE SANDY LOAM,Tujunga Wash-Los Angeles River,Lankershim,Los Angeles,Upper Los Angeles River,Blvd
29,LA1_Page_029.jpg,San Jose Creek,,YOLO CLAY LOAM,Lower San Jose Creek,Valley,San Gabriel,San Jose Creek,Blvd
30,LA1_Page_030.jpg,Bradford St Drain,,TUJUNGA FINE SANDY LOAM,Tujunga Wash-Los Angeles River,San Fernando,Los Angeles,Upper Los Angeles River,Rd
31,LA1_Page_031.jpg,Ballona Creek,5.6,YOLO CLAY LOAM,Ballona Creek,25th,Santa Monica Bay,Ballona Creek,St
32,LA1_Page_032.jpg,Ballona Creek,5.6,YOLO CLAY LOAM,Ballona Creek,la Cienega,Santa Monica Bay,Ballona Creek,Blvd
33,LA1_Page_033.jpg,Ballona Creek,5.6,RAMONA LOAM,Ballona Creek,Cloverdale,Santa Monica Bay,Ballona Creek,Ave
34,LA1_Page_034.jpg,,5.6,RAMONA LOAM,Ballona Creek,Redondo,Santa Monica Bay,Ballona Creek,Blvd
35,LA1_Page_035.jpg,,6.8,TUJUNGA FINE SANDY LOAM,Santa Anita Wash-Rio Hondo,,Los Angeles,Rio Hondo,
36,LA1_Page_036.jpg,,6,TUJUNGA FINE SANDY LOAM,Chavez Ravine-Los Angeles River,I-710,Los Angeles,Lower Los Angeles River,
37,LA1_Page_037.jpg,,6.2,TUJUNGA FINE SANDY LOAM,Santa Fe Flood Control Basin-San Gabriel River,Valley,San Gabriel,Lower San Gabriel River,Blvd
38,LA1_Page_038.jpg,,6.2,TUJUNGA FINE SANDY LOAM,Big Dalton Wash,,San Gabriel,Dalton Wash,
39,LA1_Page_039.jpg,,6.8,HANFORD SILT LOAM,Santa Anita Wash-Rio Hondo,Live Oak,Los Angeles,Rio Hondo,Ave
40,LA1_Page_040.jpg,,6.2,HANFORD FINE SANDY LOAM,Alhambra Wash-Rio Hondo,Miller,Los Angeles,Rio Hondo,Way
41,LA1_Page_041.jpg,,5.8,RAMONA LOAM,Ballona Creek,James M Wood,Santa Monica Bay,Ballona Creek,Blvd
42,LA1_Page_042.jpg,,5.8,TUJUNGA FINE SANDY LOAM,Chavez Ravine-Los Angeles River,I-710,Los Angeles,Lower Los Angeles River,
43,LA1_Page_043.jpg,,5.8,RAMONA LOAM,Chavez Ravine-Los Angeles River,,Los Angeles,Lower Los Angeles River,
44,LA1_Page_044.jpg,,6,RAMONA LOAM,Chavez Ravine-Los Angeles River,4th,Los Angeles,Lower Los Angeles River,St
45,LA1_Page_045.jpg,,,CHINO SILT LOAM,Chavez Ravine-Los Angeles River,26th,Los Angeles,Lower Los Angeles River,St
46,LA1_Page_046.jpg,,6.2,CHINO SILT LOAM,Alhambra Wash-Rio Hondo,Garvey,Los Angeles,Rio Hondo,Ave
47,LA1_Page_047.jpg,,6,TUJUNGA FINE SANDY LOAM,Chavez Ravine-Los Angeles River,Southern,Los Angeles,Lower Los Angeles River,Ave
48,LA1_Page_048.jpg,,6,ALTAMONT CLAY LOAM,Ballona Creek,Alvarado,Santa Monica Bay,Ballona Creek,St
49,LA1_Page_049.jpg,,6,RAMONA LOAM,Chavez Ravine-Los Angeles River,Mission,Los Angeles,Lower Los Angeles River,Rd
50,LA1_Page_050.jpg,,6,RAMONA LOAM,Chavez Ravine-Los Angeles River,Mission,Los Angeles,Lower Los Angeles River,Rd
51,LA1_Page_051.jpg,,6,ALTAMONT CLAY LOAM,Ballona Creek,Laveta,Santa Monica Bay,Ballona Creek,Ter
52,LA1_Page_052.jpg,,6,ALTAMONT CLAY LOAM,Ballona Creek,Sunset,Santa Monica Bay,Ballona Creek,Blvd
53,LA1_Page_053.jpg,Arroyo Seco Channel,6.4,HANFORD FINE SANDY LOAM,Arroyo Seco,Avenue 23,Los Angeles,Lower Los Angeles River,
54,LA1_Page_054.jpg,,6.2,HANFORD FINE SANDY LOAM,Scholl Canyon-Los Angeles River,Glendale,Los Angeles,Lower Los Angeles River,Blvd
55,LA1_Page_055.jpg,,6.2,ALTAMONT CLAY LOAM,Scholl Canyon-Los Angeles River,Riverside,Los Angeles,Lower Los Angeles River,Dr
56,LA1_Page_056.jpg,,6.2,ALTAMONT CLAY LOAM,Scholl Canyon-Los Angeles River,Riverside,Los Angeles,Lower Los Angeles River,Dr
57,LA1_Page_057.jpg,Arroyo Seco Channel,6.4,HANFORD GRAVELLY SANDY LOAM,Arroyo Seco,Avenue 26,Los Angeles,Lower Los Angeles River,
58,LA1_Page_058.jpg,Arroyo Seco Channel,6.6,HANFORD GRAVELLY SANDY LOAM,Arroyo Seco,Figueroa,Los Angeles,Lower Los Angeles River,St
59,LA1_Page_059.jpg,Arroyo Seco Channel,6.8,RAMONA LOAM,Arroyo Seco,Avenue 56,Los Angeles,Lower Los Angeles River,
60,LA1_Page_060.jpg,Arroyo Seco Channel,6.8,RAMONA LOAM,Arroyo Seco,Figueroa,Los Angeles,Lower Los Angeles River,St
61,LA1_Page_061.jpg,Arroyo Seco Channel,7.2,YOLO LOAM,Arroyo Seco,York,Los Angeles,Lower Los Angeles River,Blvd
62,LA1_Page_062.jpg,L A Co Flood Control,6.2,HANFORD FINE SANDY LOAM,Santa Fe Flood Control Basin-San Gabriel River,Valley,San Gabriel,Lower San Gabriel River,Blvd
63,LA1_Page_063.jpg,Los Angeles River,6.6,TUJUNGA FINE SANDY LOAM,Tujunga Wash-Los Angeles River,Ventura,Los Angeles,Upper Los Angeles River,Blvd
64,LA1_Page_064.jpg,,,HANFORD FINE SANDY LOAM,Chavez Ravine-Los Angeles River,Slauson,Los Angeles,Lower Los Angeles River,Ave
65,LA1_Page_065.jpg,,,TUJUNGA FINE SANDY LOAM,Compton Creek-Los Angeles River,Compton,Los Angeles,Lower Los Angeles River,Blvd
66,LA1_Page_066.jpg,,,TUJUNGA FINE SANDY LOAM,Chavez Ravine-Los Angeles River,Bandini,Los Angeles,Lower Los Angeles River,Blvd
67,LA1_Page_067.jpg,,,HANFORD FINE SANDY LOAM,Chavez Ravine-Los Angeles River,Mateo,Los Angeles,Lower Los Angeles River,St
68,LA1_Page_068.jpg,,5.8,RAMONA LOAM,Alhambra Wash-Rio Hondo,Telegraph,Los Angeles,Rio Hondo,Rd
69,LA1_Page_069.jpg,,6.4,ALTAMONT CLAY LOAM,Chavez Ravine-Los Angeles River,Huntington,Los Angeles,Lower Los Angeles River,Dr
70,LA1_Page_070.jpg,Santa Susanna Creek,6.6,DIABLO CLAY LOAM,Browns Canyon Wash,Santa Susanna,Los Angeles,Upper Los Angeles River,Pl
71,LA1_Page_071.jpg,,6.4,RAMONA LOAM,Scholl Canyon-Los Angeles River,Eagle Rock,Los Angeles,Lower Los Angeles River,Blvd
72,LA1_Page_072.jpg,,6,ALTAMONT CLAY LOAM,Ballona Creek,Occidental,Santa Monica Bay,Ballona Creek,Blvd
73,LA1_Page_073.jpg,,5.6,RAMONA LOAM,Ballona Creek,Pico,Santa Monica Bay,Ballona Creek,Blvd
74,LA1_Page_074.jpg,,6.6,YOLO CLAY LOAM,Chavez Ravine-Los Angeles River,Monterey,Los Angeles,Lower Los Angeles River,Rd
75,LA1_Page_075.jpg,,7,RAMONA LOAM,Scholl Canyon-Los Angeles River,Mount Helena,Los Angeles,Lower Los Angeles River,Ave
76,LA1_Page_076.jpg,,6.4,YOLO CLAY LOAM,Chavez Ravine-Los Angeles River,Broadway,Los Angeles,Lower Los Angeles River,
77,LA1_Page_077.jpg,Haines Canyon Channel,8.6,HANFORD GRAVELLY SANDY LOAM,Lower Big Tujunga Creek,Foothill,Los Angeles,Big Tujunga Creek,Blvd
78,LA1_Page_078.jpg,Ballona Creek,5.6,YOLO CLAY LOAM,Ballona Creek,la Cienega,Santa Monica Bay,Ballona Creek,Blvd
79,LA1_Page_079.jpg,,7,TUJUNGA FINE SANDY LOAM,Tujunga Wash-Los Angeles River,,Los Angeles,Upper Los Angeles River,
80,LA1_Page_080.jpg,Ballona Creek,5.6,YOLO CLAY LOAM,Ballona Creek,Sawyer,Santa Monica Bay,Ballona Creek,St
81,LA1_Page_081.jpg,,,TUJUNGA FINE SANDY LOAM,Compton Creek-Los Angeles River,I-710,Los Angeles,Lower Los Angeles River,
82,LA1_Page_082.jpg,S Fork Bell Creek,6.8,DIABLO CLAY LOAM,Bell Creek-Los Angeles River,Platt,Los Angeles,Upper Los Angeles River,Ave
83,LA1_Page_083.jpg,,6.4,HANFORD GRAVELLY SANDY LOAM,Scholl Canyon-Los Angeles River,Avenue 19,Los Angeles,Lower Los Angeles River,
84,LA1_Page_084.jpg,,,ALTAMONT CLAY LOAM,Ballona Creek,Branden,Santa Monica Bay,Ballona Creek,St
85,LA1_Page_085.jpg,Los Angeles River,6.8,ALTAMONT CLAY LOAM,Tujunga Wash-Los Angeles River,Ventura,Los Angeles,Upper Los Angeles River,Blvd
86,LA1_Page_086.jpg,San Jose Creek,,YOLO CLAY LOAM,Lower San Jose Creek,,San Gabriel,San Jose Creek,
87,LA1_Page_087.jpg,Arroyo Seco Channel,6.4,HANFORD GRAVELLY SANDY LOAM,Scholl Canyon-Los Angeles River,Figueroa,Los Angeles,Lower Los Angeles River,St
88,LA1_Page_088.jpg,San Jose Creek,,YOLO CLAY LOAM,Lower San Jose Creek,Yellow Brick,San Gabriel,San Jose Creek,Rd
89,LA1_Page_089.jpg,Haines Cyn Channel,7.6,HANFORD GRAVELLY SANDY LOAM,Lower Big Tujunga Creek,Summitrose,Los Angeles,Big Tujunga Creek,St
90,LA1_Page_090.jpg,Bell Creek,6.8,YOLO GRAVELLY SANDY LOAM,Bell Creek-Los Angeles River,Glade,Los Angeles,Upper Los Angeles River,Ave
91,LA1_Page_091.jpg,,,TUJUNGA FINE SANDY LOAM,Alhambra Wash-Rio Hondo,Telegraph,Los Angeles,Rio Hondo,Rd
92,LA1_Page_092.jpg,Ballona Creek,5.6,YOLO CLAY LOAM,Ballona Creek,Washington,Santa Monica Bay,Ballona Creek,Blvd
93,LA1_Page_093.jpg,,5.8,RAMONA LOAM,Alhambra Wash-Rio Hondo,Telegraph,Los Angeles,Rio Hondo,Rd
94,LA1_Page_094.jpg,,5.6,RAMONA LOAM,Santa Monica Beach-Frontal Santa Monica Bay,Rose,Santa Monica Bay,Garapito Creek-Frontal Santa Monica Bay,Ave
95,LA1_Page_095.jpg,,,HANFORD FINE SANDY LOAM,Chavez Ravine-Los Angeles River,Ann,Los Angeles,Lower Los Angeles River,St
96,LA1_Page_096.jpg,Arroyo Seco Channel,6.8,RAMONA LOAM,Arroyo Seco,Avenue 56,Los Angeles,Lower Los Angeles River,
97,LA1_Page_097.jpg,,5.6,RAMONA LOAM,Ballona Creek,Sycamore,Santa Monica Bay,Ballona Creek,Ave
98,LA1_Page_098.jpg,Bull Creek,7.2,YOLO SANDY LOAM,Tujunga Wash-Los Angeles River,Roscoe,Los Angeles,Upper Los Angeles River,Blvd
99,LA1_Page_099.jpg,Caballero Creek,8.2,YOLO LOAM,Tujunga Wash-Los Angeles River,Zelzah,Los Angeles,Upper Los Angeles River,Ave
100,LA1_Page_100.jpg,,6,TUJUNGA FINE SANDY LOAM,Chavez Ravine-Los Angeles River,I-710,Los Angeles,Lower Los Angeles River,
101,LA1_Page_101.jpg,,4.8,RAMONA LOAM,Long Beach Harbor-Frontal San Pedro Bay,Santa Cruz,Santa Monica Bay,Frontal Santa Monica Bay-San Pedro Bay,St
102,LA1_Page_102.jpg,,6.2,TUJUNGA FINE SANDY LOAM,Scholl Canyon-Los Angeles River,,Los Angeles,Lower Los Angeles River,
103,LA1_Page_103.jpg,Los Angeles River,7.4,YOLO LOAM,Tujunga Wash-Los Angeles River,Ventura,Los Angeles,Upper Los Angeles River,Blvd
104,LA1_Page_104.jpg,San Jose Creek,,YOLO CLAY LOAM,Lower San Jose Creek,Valley,San Gabriel,San Jose Creek,Blvd
105,LA1_Page_105.jpg,Caballero Creek,8,YOLO FINE SANDY LOAM,Tujunga Wash-Los Angeles River,Ventura,Los Angeles,Upper Los Angeles River,Blvd
106,LA1_Page_106.jpg,Los Angeles River,7,YOLO LOAM,Tujunga Wash-Los Angeles River,Ventura,Los Angeles,Upper Los Angeles River,Blvd
107,LA1_Page_107.jpg,,,TUJUNGA FINE SANDY LOAM,Santa Fe Flood Control Basin-San Gabriel River,Patritti,San Gabriel,Lower San Gabriel River,Ave
108,LA1_Page_108.jpg,,,YOLO CLAY LOAM,Lower San Jose Creek,Yellow Brick,San Gabriel,San Jose Creek,Rd
109,LA1_Page_109.jpg,,6,RAMONA LOAM,Lower Dominguez Channel,Vermont,Santa Monica Bay,Dominguez Channel,Ave
110,LA1_Page_110.jpg,,6.2,TUJUNGA FINE SANDY LOAM,Scholl Canyon-Los Angeles River,Fletcher,Los Angeles,Lower Los Angeles River,Dr
111,LA1_Page_111.jpg,Browns Creek Channel,6.8,YOLO SANDY LOAM,Browns Canyon Wash,Deering,Los Angeles,Upper Los Angeles River,Ave
112,LA1_Page_112.jpg,,,TUJUNGA FINE SANDY LOAM,Santa Fe Flood Control Basin-San Gabriel River,I-605,San Gabriel,Lower San Gabriel River,
113,LA1_Page_113.jpg,,,HANFORD FINE SANDY LOAM,Chavez Ravine-Los Angeles River,I-710,Los Angeles,Lower Los Angeles River,
114,LA1_Page_114.jpg,Los Angeles River,7,TUJUNGA FINE SANDY LOAM,Tujunga Wash-Los Angeles River,Ventura,Los Angeles,Upper Los Angeles River,Blvd
115,LA1_Page_115.jpg,,6,ALTAMONT CLAY LOAM,Ballona Creek,Silver Lake,Santa Monica Bay,Ballona Creek,Dr
116,LA1_Page_116.jpg,Ballona Creek,5.6,YOLO LOAM,Ballona Creek,Venice,Santa Monica Bay,Ballona Creek,Blvd
117,LA1_Page_117.jpg,,6.4,HANFORD FINE SANDY LOAM,Scholl Canyon-Los Angeles River,Hallett,Los Angeles,Lower Los Angeles River,Ave
118,LA1_Page_118.jpg,,6.2,HANFORD FINE SANDY LOAM,Chavez Ravine-Los Angeles River,Spring,Los Angeles,Lower Los Angeles River,St
119,LA1_Page_119.jpg,Caballero Creek,8,YOLO FINE SANDY LOAM,Tujunga Wash-Los Angeles River,Ventura,Los Angeles,Upper Los Angeles River,Blvd
120,LA1_Page_120.jpg,,5.6,YOLO CLAY LOAM,Ballona Creek,Alsace,Santa Monica Bay,Ballona Creek,Ave
121,LA1_Page_121.jpg,,5.4,YOLO LOAM,Santa Monica Beach-Frontal Santa Monica Bay,Lincoln,Santa Monica Bay,Garapito Creek-Frontal Santa Monica Bay,Blvd
122,LA1_Page_122.jpg,,6,HANFORD FINE SANDY LOAM,Alhambra Wash-Rio Hondo,Rosemead,Los Angeles,Rio Hondo,Blvd
123,LA1_Page_123.jpg,,,TUJUNGA FINE SANDY LOAM,Compton Creek-Los Angeles River,I-710,Los Angeles,Lower Los Angeles River,
124,LA1_Page_124.jpg,,6,ALTAMONT CLAY LOAM,Ballona Creek,Sunset,Santa Monica Bay,Ballona Creek,Blvd
125,LA1_Page_125.jpg,,6.4,RAMONA LOAM,Scholl Canyon-Los Angeles River,San Fernando,Los Angeles,Lower Los Angeles River,Rd
126,LA1_Page_126.jpg,,6.4,TUJUNGA FINE SANDY LOAM,Santa Fe Flood Control Basin-San Gabriel River,I-605,San Gabriel,Lower San Gabriel River,
127,LA1_Page_127.jpg,,6,TUJUNGA FINE SANDY LOAM,Chavez Ravine-Los Angeles River,Burtis,Los Angeles,Lower Los Angeles River,St
128,LA1_Page_128.jpg,Arroyo Seco Channel,6.4,RAMONA LOAM,Arroyo Seco,Figueroa,Los Angeles,Lower Los Angeles River,St
129,LA1_Page_129.jpg,Tujunga Chnl Fld Cnt,7.2,TUJUNGA FINE SANDY LOAM,Tujunga Wash-Los Angeles River,Goodland,Los Angeles,Upper Los Angeles River,Ave
130,LA1_Page_130.jpg,Los Angeles River,7,YOLO LOAM,Tujunga Wash-Los Angeles River,Ventura,Los Angeles,Upper Los Angeles River,Blvd
131,LA1_Page_131.jpg,,6.8,HANFORD SILT LOAM,Santa Anita Wash-Rio Hondo,Live Oak,Los Angeles,Rio Hondo,Ave
132,LA1_Page_132.jpg,Haines Canyon Channel,8.8,HANFORD GRAVELLY SANDY LOAM,Lower Big Tujunga Creek,Greeley,Los Angeles,Big Tujunga Creek,St
133,LA1_Page_133.jpg,Bell Creek,6.8,YOLO LOAM,Tujunga Wash-Los Angeles River,Sherman,Los Angeles,Upper Los Angeles River,Way
134,LA1_Page_134.jpg,,5.6,YOLO CLAY LOAM,Santa Monica Beach-Frontal Santa Monica Bay,Venice,Santa Monica Bay,Garapito Creek-Frontal Santa Monica Bay,Blvd
135,LA1_Page_135.jpg,,6.8,TUJUNGA FINE SANDY LOAM,Tujunga Wash-Los Angeles River,Burbank,Los Angeles,Upper Los Angeles River,Blvd
136,LA1_Page_136.jpg,,,HANFORD FINE SANDY LOAM,Chavez Ravine-Los Angeles River,Washington,Los Angeles,Lower Los Angeles River,Blvd
137,LA1_Page_137.jpg,Caballero Creek,8,YOLO LOAM,Tujunga Wash-Los Angeles River,Amigo,Los Angeles,Upper Los Angeles River,Ave
138,LA1_Page_138.jpg,San Jose Creek,6.4,YOLO CLAY LOAM,Lower San Jose Creek,Old Valley,San Gabriel,San Jose Creek,Blvd
139,LA1_Page_139.jpg,,,CHINO SILT LOAM,Manhattan Beach-Frontal Santa Monica Bay,Rindge,Santa Monica Bay,Frontal Santa Monica Bay-San Pedro Bay,Ave
140,LA1_Page_140.jpg,,6,ALTAMONT CLAY LOAM,Ballona Creek,Hyperion,Santa Monica Bay,Ballona Creek,Ave
141,LA1_Page_141.jpg,,,RAMONA SANDY LOAM,Long Beach Harbor-Frontal San Pedro Bay,Pioneer,Santa Monica Bay,Frontal Santa Monica Bay-San Pedro Bay,Ave
142,LA1_Page_142.jpg,,6.6,HANFORD SILT LOAM,Santa Fe Flood Control Basin-San Gabriel River,Rivergrade,San Gabriel,Lower San Gabriel River,Rd
143,LA1_Page_143.jpg,Los Angeles River,7.2,YOLO LOAM,Tujunga Wash-Los Angeles River,Valleyheart,Los Angeles,Upper Los Angeles River,Dr
144,LA1_Page_144.jpg,,,YOLO CLAY LOAM,Lower San Jose Creek,Yellow Brick,San Gabriel,San Jose Creek,Rd
145,LA1_Page_145.jpg,,5.6,RAMONA LOAM,Ballona Creek,Sepulveda,Santa Monica Bay,Ballona Creek,Blvd
146,LA1_Page_146.jpg,,6.8,TUJUNGA FINE SANDY LOAM,Tujunga Wash-Los Angeles River,Lankershim,Los Angeles,Upper Los Angeles River,Blvd
147,LA1_Page_147.jpg,,,RAMONA LOAM,Chavez Ravine-Los Angeles River,Wilber,Los Angeles,Lower Los Angeles River,Pl
148,LA1_Page_148.jpg,,,TUJUNGA FINE SANDY LOAM,Alhambra Wash-Rio Hondo,I-5,Los Angeles,Rio Hondo,
149,LA1_Page_149.jpg,Calabasas Creek,,DIABLO CLAY LOAM,Bell Creek-Los Angeles River,Ventura,Los Angeles,Upper Los Angeles River,Blvd
150,LA1_Page_150.jpg,Alhambra Wash,6.2,HANFORD GRAVELLY SANDY LOAM,Alhambra Wash-Rio Hondo,Garvey,Los Angeles,Rio Hondo,Ave
151,LA1_Page_151.jpg,San Jose Creek,,ALTAMONT CLAY LOAM,Lower San Jose Creek,Valley,San Gabriel,San Jose Creek,Blvd
152,LA1_Page_152.jpg,,5.8,RAMONA LOAM,Ballona Creek,8th,Santa Monica Bay,Ballona Creek,St
153,LA1_Page_153.jpg,,6.4,TUJUNGA FINE SANDY LOAM,Santa Anita Wash-Rio Hondo,I-10,Los Angeles,Rio Hondo,
154,LA1_Page_154.jpg,Ballona Creek,5.6,YOLO CLAY LOAM,Ballona Creek,Venice,Santa Monica Bay,Ballona Creek,Blvd
155,LA1_Page_155.jpg,Haines Canyon Channel,8.2,HANFORD GRAVELLY SANDY LOAM,Lower Big Tujunga Creek,Foothill,Los Angeles,Big Tujunga Creek,Blvd
156,LA1_Page_156.jpg,Los Angeles River,7,TUJUNGA FINE SANDY LOAM,Tujunga Wash-Los Angeles River,Ventura,Los Angeles,Upper Los Angeles River,Blvd
157,LA1_Page_157.jpg,,7.4,DIABLO CLAY LOAM,Bell Creek-Los Angeles River,Rigoletto,Los Angeles,Upper Los Angeles River,St
158,LA1_Page_158.jpg,,,HANFORD FINE SANDY LOAM,Alhambra Wash-Rio Hondo,Whittier,Los Angeles,Rio Hondo,Blvd
159,LA1_Page_159.jpg,,6.6,TUJUNGA FINE SANDY LOAM,Tujunga Wash-Los Angeles River,Riverside,Los Angeles,Upper Los Angeles River,Dr
160,LA1_Page_160.jpg,Caballero Creek,8,YOLO LOAM,Tujunga Wash-Los Angeles River,Amigo,Los Angeles,Upper Los Angeles River,Ave
161,LA1_Page_161.jpg,Ballona Creek,5.6,YOLO CLAY LOAM,Ballona Creek,Washington,Santa Monica Bay,Ballona Creek,Blvd
162,LA1_Page_162.jpg,,6.8,TUJUNGA FINE SANDY LOAM,Tujunga Wash-Los Angeles River,Lankershim,Los Angeles,Upper Los Angeles River,Blvd
163,LA1_Page_163.jpg,,6.2,HANFORD FINE SANDY LOAM,Alhambra Wash-Rio Hondo,,Los Angeles,Rio Hondo,
164,LA1_Page_164.jpg,Bull Creek,7.4,YOLO SANDY LOAM,Tujunga Wash-Los Angeles River,Balboa,Los Angeles,Upper Los Angeles River,Blvd
165,LA1_Page_165.jpg,Arroyo Seco Channel,7,YOLO LOAM,Arroyo Seco,Figueroa,Los Angeles,Lower Los Angeles River,St
166,LA1_Page_166.jpg,Tujunga Wash,7.2,TUJUNGA FINE SANDY LOAM,Tujunga Wash-Los Angeles River,Alcove,Los Angeles,Upper Los Angeles River,Ave
167,LA1_Page_167.jpg,,5.8,RAMONA CLAY LOAM,Ballona Creek,Westwood,Santa Monica Bay,Ballona Creek,Blvd
168,LA1_Page_168.jpg,Centinela Creek,5.2,RAMONA LOAM,Ballona Creek,Alvern,Santa Monica Bay,Ballona Creek,St
169,LA1_Page_169.jpg,,,RAMONA LOAM,Chavez Ravine-Los Angeles River,Soto,Los Angeles,Lower Los Angeles River,St
170,LA1_Page_170.jpg,,6,ALTAMONT CLAY LOAM,Ballona Creek,Occidental,Santa Monica Bay,Ballona Creek,Blvd
171,LA1_Page_171.jpg,Los Angeles River,6.6,TUJUNGA FINE SANDY LOAM,Verdugo Wash,Doran,Los Angeles,Upper Los Angeles River,St
172,LA1_Page_172.jpg,Bull Creek,,YOLO FINE SANDY LOAM,Tujunga Wash-Los Angeles River,Balboa,Los Angeles,Upper Los Angeles River,Blvd
173,LA1_Page_173.jpg,,6,TUJUNGA FINE SANDY LOAM,Chavez Ravine-Los Angeles River,Frontage,Los Angeles,Lower Los Angeles River,Rd
174,LA1_Page_174.jpg,San Jose Creek,,CHINO SILT LOAM,Lower San Jose Creek,Valley,San Gabriel,San Jose Creek,Blvd
175,LA1_Page_175.jpg,,,HANFORD FINE SANDY LOAM,Chavez Ravine-Los Angeles River,Downey,Los Angeles,Lower Los Angeles River,Rd
176,LA1_Page_176.jpg,,6.2,RAMONA LOAM,Chavez Ravine-Los Angeles River,Broadway,Los Angeles,Lower Los Angeles River,
177,LA1_Page_177.jpg,,7.2,HANFORD FINE SANDY LOAM,Bull Creek,Glenoaks,Los Angeles,Upper Los Angeles River,Blvd
178,LA1_Page_178.jpg,,6.2,TUJUNGA FINE SANDY LOAM,Scholl Canyon-Los Angeles River,Fletcher,Los Angeles,Lower Los Angeles River,Dr
179,LA1_Page_179.jpg,Haines Canyon Channel,8.8,HANFORD GRAVELLY SANDY LOAM,Lower Big Tujunga Creek,Foothill,Los Angeles,Big Tujunga Creek,Blvd
180,LA1_Page_180.jpg,,6.2,ALTAMONT CLAY LOAM,Chavez Ravine-Los Angeles River,Soto,Los Angeles,Lower Los Angeles River,St
181,LA1_Page_181.jpg,,5.8,RAMONA LOAM,La Mirada Creek,Pioneer,San Gabriel,Lower San Gabriel River,Blvd
182,LA1_Page_182.jpg,,,CHINO SILT LOAM,Alhambra Wash-Rio Hondo,Durfee,Los Angeles,Rio Hondo,Ave
183,LA1_Page_183.jpg,,6.2,TUJUNGA FINE SANDY LOAM,Santa Fe Flood Control Basin-San Gabriel River,On Ramp (Garvey Ave),San Gabriel,Lower San Gabriel River,
184,LA1_Page_184.jpg,San Jose Creek,,YOLO CLAY LOAM,Lower San Jose Creek,State Highway 60,San Gabriel,San Jose Creek,
185,LA1_Page_185.jpg,Tujunga Chnl Fld Cnt,7.2,TUJUNGA FINE SANDY LOAM,Tujunga Wash-Los Angeles River,Victory,Los Angeles,Upper Los Angeles River,Blvd
186,LA1_Page_186.jpg,,6.8,TUJUNGA FINE SANDY LOAM,Tujunga Wash-Los Angeles River,Beck,Los Angeles,Upper Los Angeles River,Ave
187,LA1_Page_187.jpg,,6,ALTAMONT CLAY LOAM,Ballona Creek,Westlake,Santa Monica Bay,Ballona Creek,Ave
188,LA1_Page_188.jpg,,6.4,ALTAMONT CLAY LOAM,Chavez Ravine-Los Angeles River,Huntington,Los Angeles,Lower Los Angeles River,Dr
189,LA1_Page_189.jpg,Sawpit Wash,6.8,TUJUNGA FINE SANDY LOAM,Santa Anita Wash-Rio Hondo,Longden,Los Angeles,Rio Hondo,Ave
190,LA1_Page_190.jpg,,,RAMONA LOAM,Lower San Jose Creek,4th,San Gabriel,San Jose Creek,
191,LA1_Page_191.jpg,,6,ALTAMONT CLAY LOAM,Ballona Creek,Aaron,Santa Monica Bay,Ballona Creek,St
192,LA1_Page_192.jpg,,,HANFORD FINE SANDY LOAM,Chavez Ravine-Los Angeles River,Mateo,Los Angeles,Lower Los Angeles River,St
193,LA1_Page_193.jpg,Arroyo Seco Channel,7.2,YOLO LOAM,Arroyo Seco,York,Los Angeles,Lower Los Angeles River,Blvd
194,LA1_Page_194.jpg,,6.4,RAMONA LOAM,Scholl Canyon-Los Angeles River,Cypress,Los Angeles,Lower Los Angeles River,Ave
195,LA1_Page_195.jpg,Limekiln Creek,6.4,YOLO GRAVELLY SANDY LOAM,Aliso Canyon Wash,Winnetka,Los Angeles,Upper Los Angeles River,Ave
196,LA1_Page_196.jpg,,5.6,YOLO LOAM,Santa Monica Beach-Frontal Santa Monica Bay,Main,Santa Monica Bay,Garapito Creek-Frontal Santa Monica Bay,St
197,LA1_Page_197.jpg,Ballona Creek,5.6,RAMONA LOAM,Ballona Creek,Sierra Bonita,Santa Monica Bay,Ballona Creek,Ave
198,LA1_Page_198.jpg,Los Angeles River,7.2,YOLO LOAM,Tujunga Wash-Los Angeles River,Valleyheart,Los Angeles,Upper Los Angeles River,Dr
199,LA1_Page_199.jpg,Ballona Creek,,RAMONA LOAM,Ballona Creek,Jefferson,Santa Monica Bay,Ballona Creek,Blvd
200,LA1_Page_200.jpg,Hansen Heights Channel,6.6,TUJUNGA FINE SANDY LOAM,Tujunga Wash-Los Angeles River,Tuxford,Los Angeles,Upper Los Angeles River,St
201,LA1_Page_201.jpg,Haines Canyon Channel,7,ALTAMONT CLAY LOAM,Lower Big Tujunga Creek,Newhome,Los Angeles,Big Tujunga Creek,Ave
202,LA1_Page_202.jpg,,6,ALTAMONT CLAY LOAM,Ballona Creek,Aaron,Santa Monica Bay,Ballona Creek,St
203,LA1_Page_203.jpg,Los Angeles River,6.2,TUJUNGA FINE SANDY LOAM,Compton Creek-Los Angeles River,Susana,Los Angeles,Lower Los Angeles River,Rd
204,LA1_Page_204.jpg,Los Angeles River,6.2,TUJUNGA FINE SANDY LOAM,Compton Creek-Los Angeles River,Susana,Los Angeles,Lower Los Angeles River,Rd
205,LA1_Page_205.jpg,,,TUJUNGA FINE SANDY LOAM,Santa Fe Flood Control Basin-San Gabriel River,I-605,San Gabriel,Lower San Gabriel River,
206,LA1_Page_206.jpg,Pacoima Diversion Channel,6.4,HANFORD FINE SANDY LOAM,Tujunga Wash-Los Angeles River,Stanwin,Los Angeles,Upper Los Angeles River,Ave
207,LA1_Page_207.jpg,,6.6,ALTAMONT CLAY LOAM,Chavez Ravine-Los Angeles River,Huntington,Los Angeles,Lower Los Angeles River,Dr
208,LA1_Page_208.jpg,,5.6,RAMONA LOAM,Santa Monica Beach-Frontal Santa Monica Bay,4th,Santa Monica Bay,Garapito Creek-Frontal Santa Monica Bay,Ave
209,LA1_Page_209.jpg,,,RAMONA LOAM,Ballona Creek,Virgil,Santa Monica Bay,Ballona Creek,Ave
210,LA1_Page_210.jpg,Bell Creek,6.8,YOLO LOAM,Bell Creek-Los Angeles River,Topanga Canyon,Los Angeles,Upper Los Angeles River,Blvd
211,LA1_Page_211.jpg,,5.6,YOLO LOAM,Santa Monica Beach-Frontal Santa Monica Bay,Main,Santa Monica Bay,Garapito Creek-Frontal Santa Monica Bay,St
212,LA1_Page_212.jpg,,6.2,RAMONA LOAM,Chavez Ravine-Los Angeles River,Avenue 22,Los Angeles,Lower Los Angeles River,
213,LA1_Page_213.jpg,,5.4,YOLO LOAM,Santa Monica Beach-Frontal Santa Monica Bay,Harrison,Santa Monica Bay,Garapito Creek-Frontal Santa Monica Bay,Ave
214,LA1_Page_214.jpg,,6,ALTAMONT CLAY LOAM,Ballona Creek,Sunset,Santa Monica Bay,Ballona Creek,Blvd
215,LA1_Page_215.jpg,,5.8,TUJUNGA FINE SANDY LOAM,Chavez Ravine-Los Angeles River,,Los Angeles,Lower Los Angeles River,
216,LA1_Page_216.jpg,,6.2,HANFORD FINE SANDY LOAM,Scholl Canyon-Los Angeles River,Fletcher,Los Angeles,Lower Los Angeles River,Dr
217,LA1_Page_217.jpg,San Jose Creek,,YOLO CLAY LOAM,Lower San Jose Creek,Walnut,San Gabriel,San Jose Creek,Dr
218,LA1_Page_218.jpg,Los Angeles River,6,TUJUNGA FINE SANDY LOAM,Compton Creek-Los Angeles River,Susana,Los Angeles,Lower Los Angeles River,Rd
219,LA1_Page_219.jpg,Los Angeles River,6.6,YOLO LOAM,Tujunga Wash-Los Angeles River,Ventura,Los Angeles,Upper Los Angeles River,Blvd
220,LA1_Page_220.jpg,Ballona Creek,5.6,YOLO LOAM,Ballona Creek,Venice,Santa Monica Bay,Ballona Creek,Blvd
221,LA1_Page_221.jpg,Los Angeles River,7,YOLO LOAM,Tujunga Wash-Los Angeles River,Ventura,Los Angeles,Upper Los Angeles River,Blvd
222,LA1_Page_222.jpg,Browns Canyon Wash,7.2,YOLO LOAM,Tujunga Wash-Los Angeles River,Mason,Los Angeles,Upper Los Angeles River,Ave
223,LA1_Page_223.jpg,Bull Creek,,YOLO FINE SANDY LOAM,Bull Creek,Saticoy,Los Angeles,Upper Los Angeles River,St
224,LA1_Page_224.jpg,Bull Creek,7.4,YOLO SANDY LOAM,Tujunga Wash-Los Angeles River,Balboa,Los Angeles,Upper Los Angeles River,Blvd
225,LA1_Page_225.jpg,,7,TUJUNGA FINE SANDY LOAM,Tujunga Wash-Los Angeles River,Ben,Los Angeles,Upper Los Angeles River,Ave
226,LA1_Page_226.jpg,Tujunga Wash,,TUJUNGA FINE SANDY LOAM,Tujunga Wash-Los Angeles River,Fulton,Los Angeles,Upper Los Angeles River,Ave
227,LA1_Page_227.jpg,Arroyo Seco Channel,7,YOLO LOAM,Arroyo Seco,Figueroa,Los Angeles,Lower Los Angeles River,St
228,LA1_Page_228.jpg,,6.6,HANFORD SILT LOAM,Santa Fe Flood Control Basin-San Gabriel River,Rivergrade,San Gabriel,Lower San Gabriel River,Rd
229,LA1_Page_229.jpg,,6.2,HANFORD FINE SANDY LOAM,Alhambra Wash-Rio Hondo,Miller,Los Angeles,Rio Hondo,Way
230,LA1_Page_230.jpg,,6.6,HANFORD FINE SANDY LOAM,Santa Anita Wash-Rio Hondo,Santa Anita,Los Angeles,Rio Hondo,Ave
231,LA1_Page_231.jpg,,6,ALTAMONT CLAY LOAM,Ballona Creek,Aaron,Santa Monica Bay,Ballona Creek,St
232,LA1_Page_232.jpg,,,HANFORD FINE SANDY LOAM,Chavez Ravine-Los Angeles River,6th,Los Angeles,Lower Los Angeles River,St
233,LA1_Page_233.jpg,Arroyo Seco Channel,7,YOLO LOAM,Arroyo Seco,Figueroa,Los Angeles,Lower Los Angeles River,St
234,LA1_Page_234.jpg,,,HANFORD FINE SANDY LOAM,Chavez Ravine-Los Angeles River,,Los Angeles,Lower Los Angeles River,
235,LA1_Page_235.jpg,,5.8,RAMONA LOAM,Alhambra Wash-Rio Hondo,Telegraph,Los Angeles,Rio Hondo,Rd
236,LA1_Page_236.jpg,,6.8,TUJUNGA FINE SANDY LOAM,Tujunga Wash-Los Angeles River,Magnolia,Los Angeles,Upper Los Angeles River,Blvd
237,LA1_Page_237.jpg,,,CHINO SILT LOAM,Alhambra Wash-Rio Hondo,Durfee,Los Angeles,Rio Hondo,Ave
238,LA1_Page_238.jpg,Los Angeles River,7.4,YOLO LOAM,Tujunga Wash-Los Angeles River,Woodman,Los Angeles,Upper Los Angeles River,Ave
239,LA1_Page_239.jpg,,6.4,YOLO CLAY LOAM,Chavez Ravine-Los Angeles River,Broadway,Los Angeles,Lower Los Angeles River,
240,LA1_Page_240.jpg,Los Angeles River,7.4,YOLO CLAY LOAM,Tujunga Wash-Los Angeles River,Vanowen,Los Angeles,Upper Los Angeles River,St
241,LA1_Page_241.jpg,,6.8,TUJUNGA FINE SANDY LOAM,Tujunga Wash-Los Angeles River,Blix,Los Angeles,Upper Los Angeles River,St
242,LA1_Page_242.jpg,,6,RAMONA LOAM,Chavez Ravine-Los Angeles River,4th,Los Angeles,Lower Los Angeles River,St
243,LA1_Page_243.jpg,,6.4,HANFORD FINE SANDY LOAM,Scholl Canyon-Los Angeles River,San Fernando,Los Angeles,Lower Los Angeles River,Rd
244,LA1_Page_244.jpg,Sepulveda Dam,7.6,YOLO LOAM,Tujunga Wash-Los Angeles River,Halbrent,Los Angeles,Upper Los Angeles River,Ave
245,LA1_Page_245.jpg,,6.6,HANFORD GRAVELLY SANDY LOAM,Santa Fe Flood Control Basin-San Gabriel River,Littlejohn,San Gabriel,Lower San Gabriel River,St
246,LA1_Page_246.jpg,,5.6,RAMONA LOAM,Santa Monica Beach-Frontal Santa Monica Bay,Main,Santa Monica Bay,Garapito Creek-Frontal Santa Monica Bay,St
247,LA1_Page_247.jpg,Ballona Creek,5.6,YOLO CLAY LOAM,Ballona Creek,Venice,Santa Monica Bay,Ballona Creek,Blvd
248,LA1_Page_248.jpg,Ballona Creek,5.6,RAMONA LOAM,Ballona Creek,Cloverdale,Santa Monica Bay,Ballona Creek,Ave
249,LA1_Page_249.jpg,Los Angeles River,7.8,YOLO FINE SANDY LOAM,Tujunga Wash-Los Angeles River,Moorpark,Los Angeles,Upper Los Angeles River,St
250,LA1_Page_250.jpg,Los Angeles River,6.2,TUJUNGA FINE SANDY LOAM,Compton Creek-Los Angeles River,Susana,Los Angeles,Lower Los Angeles River,Rd
251,LA1_Page_251.jpg,,6.6,HANFORD SILT LOAM,Santa Fe Flood Control Basin-San Gabriel River,Rivergrade,San Gabriel,Lower San Gabriel River,Rd
252,LA1_Page_252.jpg,,7.6,UPPER LOS ANGELES RIVER,Aliso Canyon Wash,Limekiln Canyon,Los Angeles,Upper Los Angeles River,Rd
253,LA1_Page_253.jpg,,6.2,RAMONA LOAM,Chavez Ravine-Los Angeles River,Broadway,Los Angeles,Lower Los Angeles River,
254,LA1_Page_254.jpg,,6.6,HANFORD FINE SANDY LOAM,Santa Anita Wash-Rio Hondo,Tyler,Los Angeles,Rio Hondo,Ave
255,LA1_Page_255.jpg,San Jose Creek,,CHINO SILT LOAM,Lower San Jose Creek,Fairway,San Gabriel,San Jose Creek,Dr
256,LA1_Page_256.jpg,,6,TUJUNGA FINE SANDY LOAM,Chavez Ravine-Los Angeles River,,Los Angeles,Lower Los Angeles River,
257,LA1_Page_257.jpg,,5.6,RAMONA LOAM,Ballona Creek,Pico,Santa Monica Bay,Ballona Creek,Blvd
258,LA1_Page_258.jpg,,6.4,YOLO CLAY LOAM,Chavez Ravine-Los Angeles River,Broadway,Los Angeles,Lower Los Angeles River,
259,LA1_Page_259.jpg,Haines Canyon Channel,9,UPPER LOS ANGELES RIVER,Lower Big Tujunga Creek,Foothill,Los Angeles,Big Tujunga Creek,Blvd
260,LA1_Page_260.jpg,,,CHINO SILT LOAM,Alhambra Wash-Rio Hondo,Fineview,Los Angeles,Rio Hondo,St
261,LA1_Page_261.jpg,,5.8,HANFORD FINE SANDY LOAM,Coyote Creek-San Gabriel River,Piuma,San Gabriel,Lower San Gabriel River,Ave
262,LA1_Page_262.jpg,Centinela Creek,,RAMONA LOAM,Ballona Creek,La Tijera,Santa Monica Bay,Ballona Creek,Blvd
263,LA1_Page_263.jpg,San Jose Creek,,YOLO CLAY LOAM,Lower San Jose Creek,Valley,San Gabriel,San Jose Creek,Blvd
264,LA1_Page_264.jpg,,,YOLO CLAY LOAM,Lower San Jose Creek,Walnut,San Gabriel,San Jose Creek,Dr
265,LA1_Page_265.jpg,La Mirada Creek,5.8,MONTEZUMA CLAY ADOBE,La Mirada Creek,Amber Valley,San Gabriel,Lower San Gabriel River,Dr
266,LA1_Page_266.jpg,,6,TUJUNGA FINE SANDY LOAM,Chavez Ravine-Los Angeles River,I-710,Los Angeles,Lower Los Angeles River,
267,LA1_Page_267.jpg,,6,ALTAMONT CLAY LOAM,Ballona Creek,Maltman,Santa Monica Bay,Ballona Creek,Ave
268,LA1_Page_268.jpg,Browns Creek Channel,7.2,YOLO SANDY LOAM,Browns Canyon Wash,Hillview,Los Angeles,Upper Los Angeles River,Ave
269,LA1_Page_269.jpg,Calabasas Arroyo,7,YOLO LOAM,Bell Creek-Los Angeles River,Victory,Los Angeles,Upper Los Angeles River,Blvd
270,LA1_Page_270.jpg,,6,ALTAMONT CLAY LOAM,Ballona Creek,Sunset,Santa Monica Bay,Ballona Creek,Blvd
271,LA1_Page_271.jpg,Browns Creek Channel,7.2,YOLO SANDY LOAM,Browns Canyon Wash,Devonshire,Los Angeles,Upper Los Angeles River,St
272,LA1_Page_272.jpg,,5.6,RAMONA LOAM,Santa Monica Beach-Frontal Santa Monica Bay,Hampton,Santa Monica Bay,Garapito Creek-Frontal Santa Monica Bay,Dr
273,LA1_Page_273.jpg,Santa Susanna Creek,6.6,DIABLO CLAY LOAM,Browns Canyon Wash,Topanga Canyon,Los Angeles,Upper Los Angeles River,Blvd
274,LA1_Page_274.jpg,,,TUJUNGA FINE SANDY LOAM,Compton Creek-Los Angeles River,,Los Angeles,Lower Los Angeles River,
275,LA1_Page_275.jpg,Haines Canyon Channel,8.8,TUJUNGA FINE SANDY LOAM,Lower Big Tujunga Creek,Foothill,Los Angeles,Big Tujunga Creek,Blvd
276,LA1_Page_276.jpg,,,HANFORD FINE SANDY LOAM,Chavez Ravine-Los Angeles River,Elmyra,Los Angeles,Lower Los Angeles River,St
277,LA1_Page_277.jpg,Los Angeles River,7.8,YOLO FINE SANDY LOAM,Tujunga Wash-Los Angeles River,Moorpark,Los Angeles,Upper Los Angeles River,St
278,LA1_Page_278.jpg,Arroyo Seco Channel,6.8,RAMONA LOAM,Arroyo Seco,Figueroa,Los Angeles,Lower Los Angeles River,St
279,LA1_Page_279.jpg,Los Angeles River,6.2,TUJUNGA FINE SANDY LOAM,Compton Creek-Los Angeles River,Susana,Los Angeles,Lower Los Angeles River,Rd
280,LA1_Page_280.jpg,Aliso Canyon-Wash,,YOLO LOAM,Aliso Canyon Wash,Lindley,Los Angeles,Upper Los Angeles River,Ave
281,LA1_Page_281.jpg,,,TUJUNGA FINE SANDY LOAM,Alhambra Wash-Rio Hondo,Telegraph,Los Angeles,Rio Hondo,Rd
282,LA1_Page_282.jpg,,,RAMONA SANDY LOAM,Long Beach Harbor-Frontal San Pedro Bay,Pacific Coast,Santa Monica Bay,Frontal Santa Monica Bay-San Pedro Bay,Hwy
283,LA1_Page_283.jpg,,5.4,YOLO LOAM,Ballona Creek,Walsh,Santa Monica Bay,Ballona Creek,Ave
284,LA1_Page_284.jpg,Arroyo Seco Channel,6.4,RAMONA LOAM,Arroyo Seco,Figueroa,Los Angeles,Lower Los Angeles River,St
285,LA1_Page_285.jpg,Arroyo Seco Channel,7,YOLO LOAM,Arroyo Seco,Avenue 61,Los Angeles,Lower Los Angeles River,
286,LA1_Page_286.jpg,,6,HANFORD FINE SANDY LOAM,Alhambra Wash-Rio Hondo,Rosemead,Los Angeles,Rio Hondo,Blvd
287,LA1_Page_287.jpg,,,YOLO CLAY LOAM,Lower San Jose Creek,Gale,San Gabriel,San Jose Creek,Ave
288,LA1_Page_288.jpg,,6,HANFORD FINE SANDY LOAM,Alhambra Wash-Rio Hondo,Fawcett,Los Angeles,Rio Hondo,Ave
289,LA1_Page_289.jpg,Bull Creek,,YOLO FINE SANDY LOAM,Tujunga Wash-Los Angeles River,Balboa,Los Angeles,Upper Los Angeles River,Blvd
290,LA1_Page_290.jpg,,5.6,YOLO LOAM,Santa Monica Beach-Frontal Santa Monica Bay,Main,Santa Monica Bay,Garapito Creek-Frontal Santa Monica Bay,St
291,LA1_Page_291.jpg,,5.8,RAMONA LOAM,Ballona Creek,7th,Santa Monica Bay,Ballona Creek,St
292,LA1_Page_292.jpg,Los Angeles River,7.2,YOLO LOAM,Tujunga Wash-Los Angeles River,Fairway,Los Angeles,Upper Los Angeles River,Ave
293,LA1_Page_293.jpg,Tujunga Wash,7.2,TUJUNGA FINE SANDY LOAM,Tujunga Wash-Los Angeles River,Ethel,Los Angeles,Upper Los Angeles River,Ave
294,LA1_Page_294.jpg,,,HANFORD FINE SANDY LOAM,Chavez Ravine-Los Angeles River,1st,Los Angeles,Lower Los Angeles River,
295,LA1_Page_295.jpg,Hansen Heights Channel,6.8,TUJUNGA FINE SANDY LOAM,Tujunga Wash-Los Angeles River,Sunland,Los Angeles,Upper Los Angeles River,Blvd
296,LA1_Page_296.jpg,,6,ALTAMONT CLAY LOAM,Ballona Creek,Golden Gate,Santa Monica Bay,Ballona Creek,Ave
297,LA1_Page_297.jpg,Bell Creek,6.8,YOLO GRAVELLY SANDY LOAM,Bell Creek-Los Angeles River,Glade,Los Angeles,Upper Los Angeles River,Ave
298,LA1_Page_298.jpg,,5.6,CHINO SILT LOAM,Santa Monica Beach-Frontal Santa Monica Bay,Speedway,Santa Monica Bay,Garapito Creek-Frontal Santa Monica Bay,
299,LA1_Page_299.jpg,,5.8,RAMONA LOAM,Ballona Creek,8th,Santa Monica Bay,Ballona Creek,St
300,LA1_Page_300.jpg,Tujunga Chnl Fld Cnt,7.2,TUJUNGA FINE SANDY LOAM,Tujunga Wash-Los Angeles River,Goodland,Los Angeles,Upper Los Angeles River,Ave
301,LA1_Page_301.jpg,,6.2,ALTAMONT CLAY LOAM,Scholl Canyon-Los Angeles River,Clearwater,Los Angeles,Lower Los Angeles River,St
302,LA1_Page_302.jpg,Granada Channel,6.4,YOLO LOAM,Tujunga Wash-Los Angeles River,Balboa,Los Angeles,Upper Los Angeles River,Blvd
303,LA1_Page_303.jpg,,6,RAMONA LOAM,Coyote Creek-San Gabriel River,Crossroads,San Gabriel,Lower San Gabriel River,Pky
304,LA1_Page_304.jpg,,5.6,YOLO CLAY LOAM,Santa Monica Beach-Frontal Santa Monica Bay,Venice,Santa Monica Bay,Garapito Creek-Frontal Santa Monica Bay,Blvd
305,LA1_Page_305.jpg,,,TUJUNGA FINE SANDY LOAM,Santa Fe Flood Control Basin-San Gabriel River,I-605,San Gabriel,Lower San Gabriel River,
306,LA1_Page_306.jpg,,5.6,RAMONA LOAM,Ballona Creek,Pico,Santa Monica Bay,Ballona Creek,Blvd
307,LA1_Page_307.jpg,,,RAMONA SANDY LOAM,Long Beach Harbor-Frontal San Pedro Bay,Pacific Coast,Santa Monica Bay,Frontal Santa Monica Bay-San Pedro Bay,Hwy
308,LA1_Page_308.jpg,,,HANFORD FINE SANDY LOAM,Chavez Ravine-Los Angeles River,I-710,Los Angeles,Lower Los Angeles River,
309,LA1_Page_309.jpg,Los Angeles River,7.8,YOLO FINE SANDY LOAM,Tujunga Wash-Los Angeles River,Moorpark,Los Angeles,Upper Los Angeles River,St
310,LA1_Page_310.jpg,Los Angeles River,6.2,HANFORD FINE SANDY LOAM,Scholl Canyon-Los Angeles River,Los Feliz,Los Angeles,Lower Los Angeles River,Blvd
311,LA1_Page_311.jpg,,6.4,ALTAMONT CLAY LOAM,Chavez Ravine-Los Angeles River,Soto,Los Angeles,Lower Los Angeles River,St
312,LA1_Page_312.jpg,,6,ALTAMONT CLAY LOAM,Ballona Creek,Occidental,Santa Monica Bay,Ballona Creek,Blvd
313,LA1_Page_313.jpg,,,ALTAMONT CLAY LOAM,Ballona Creek,Hyperion,Santa Monica Bay,Ballona Creek,Ave
314,LA1_Page_314.jpg,,6.2,ALTAMONT CLAY LOAM,Scholl Canyon-Los Angeles River,Riverside,Los Angeles,Lower Los Angeles River,Dr
315,LA1_Page_315.jpg,Flood Control Channel,7.2,YOLO LOAM,Lower Pacoima Wash,Roscoe,Los Angeles,Upper Los Angeles River,Blvd
316,LA1_Page_316.jpg,,6.2,TUJUNGA FINE SANDY LOAM,Alhambra Wash-Rio Hondo,Rosemead,Los Angeles,Rio Hondo,Blvd
317,LA1_Page_317.jpg,,6,TUJUNGA FINE SANDY LOAM,Chavez Ravine-Los Angeles River,,Los Angeles,Lower Los Angeles River,
318,LA1_Page_318.jpg,,,RAMONA SANDY LOAM,Long Beach Harbor-Frontal San Pedro Bay,Pioneer,Santa Monica Bay,Frontal Santa Monica Bay-San Pedro Bay,Ave
319,LA1_Page_319.jpg,Ballona Creek,5.6,YOLO CLAY LOAM,Ballona Creek,Venice,Santa Monica Bay,Ballona Creek,Blvd
320,LA1_Page_320.jpg,,6.8,TUJUNGA FINE SANDY LOAM,Tujunga Wash-Los Angeles River,Burbank,Los Angeles,Upper Los Angeles River,Blvd
321,LA1_Page_321.jpg,,7,TUJUNGA FINE SANDY LOAM,Tujunga Wash-Los Angeles River,Colfax,Los Angeles,Upper Los Angeles River,Ave
322,LA1_Page_322.jpg,,6.6,TUJUNGA FINE SANDY LOAM,Santa Anita Wash-Rio Hondo,Mc Bean,Los Angeles,Rio Hondo,Dr
323,LA1_Page_323.jpg,Los Angeles River,6.8,TUJUNGA FINE SANDY LOAM,Tujunga Wash-Los Angeles River,Ventura,Los Angeles,Upper Los Angeles River,Blvd
324,LA1_Page_324.jpg,,,RAMONA LOAM,Lower San Jose Creek,4th,San Gabriel,San Jose Creek,
325,LA1_Page_325.jpg,Flood Control Dam,,HANFORD SILT LOAM,Coyote Creek-San Gabriel River,I-605,San Gabriel,Lower San Gabriel River,
326,LA1_Page_326.jpg,,6,TUJUNGA FINE SANDY LOAM,Compton Creek-Los Angeles River,Susana,Los Angeles,Lower Los Angeles River,Rd
327,LA1_Page_327.jpg,,6.4,HANFORD FINE SANDY LOAM,Scholl Canyon-Los Angeles River,San Fernando,Los Angeles,Lower Los Angeles River,Rd
328,LA1_Page_328.jpg,,,CHINO SILT LOAM,Alhambra Wash-Rio Hondo,Durfee,Los Angeles,Rio Hondo,Ave
329,LA1_Page_329.jpg,,6,ALTAMONT CLAY LOAM,Ballona Creek,Sunset,Santa Monica Bay,Ballona Creek,Blvd
330,LA1_Page_330.jpg,,,TUJUNGA FINE SANDY LOAM,Santa Fe Flood Control Basin-San Gabriel River,I-605,San Gabriel,Lower San Gabriel River,
331,LA1_Page_331.jpg,Ballona Creek,5.6,YOLO CLAY LOAM,Ballona Creek,la Cienega,Santa Monica Bay,Ballona Creek,Blvd
332,LA1_Page_332.jpg,Browns Canyon Wash,6.6,YOLO LOAM,Browns Canyon Wash,De Soto,Los Angeles,Upper Los Angeles River,Ave
333,LA1_Page_333.jpg,Tujunga Chnl Fld Cnt,7.2,TUJUNGA FINE SANDY LOAM,Tujunga Wash-Los Angeles River,Van Noord,Los Angeles,Upper Los Angeles River,Ave
334,LA1_Page_334.jpg,,,ALTAMONT CLAY LOAM,Ballona Creek,Morton,Santa Monica Bay,Ballona Creek,Ave
335,LA1_Page_335.jpg,,6.2,ALTAMONT CLAY LOAM,Scholl Canyon-Los Angeles River,Clearwater,Los Angeles,Lower Los Angeles River,St
336,LA1_Page_336.jpg,Bull Creek,,YOLO FINE SANDY LOAM,Bull Creek,Balboa,Los Angeles,Upper Los Angeles River,Pl
337,LA1_Page_337.jpg,,,YOLO CLAY LOAM,Lower San Jose Creek,Yellow Brick,San Gabriel,San Jose Creek,Rd
338,LA1_Page_338.jpg,,,RAMONA LOAM,Chavez Ravine-Los Angeles River,Whittier,Los Angeles,Lower Los Angeles River,Blvd
339,LA1_Page_339.jpg,,6,ALTAMONT CLAY LOAM,Ballona Creek,Occidental,Santa Monica Bay,Ballona Creek,Blvd
340,LA1_Page_340.jpg,,,RAMONA LOAM,Alhambra Wash-Rio Hondo,San Gabriel,Los Angeles,Rio Hondo,Blvd
341,LA1_Page_341.jpg,L A Co Flood Control,6.2,HANFORD FINE SANDY LOAM,Santa Fe Flood Control Basin-San Gabriel River,Valley,San Gabriel,Lower San Gabriel River,Blvd
342,LA1_Page_342.jpg,,6.4,HANFORD FINE SANDY LOAM,Santa Anita Wash-Rio Hondo,I-10,Los Angeles,Rio Hondo,
343,LA1_Page_343.jpg,San Jose Creek,,YOLO CLAY LOAM,Lower San Jose Creek,Walnut,San Gabriel,San Jose Creek,Dr
344,LA1_Page_344.jpg,Aliso Wash,,YOLO LOAM,Tujunga Wash-Los Angeles River,Sherman,Los Angeles,Upper Los Angeles River,Way
345,LA1_Page_345.jpg,,,ALTAMONT CLAY LOAM,Ballona Creek,Branden,Santa Monica Bay,Ballona Creek,St
346,LA1_Page_346.jpg,Tujunga Wash,6.4,TUJUNGA FINE SANDY LOAM,Tujunga Wash-Los Angeles River,Laurel Canyon,Los Angeles,Upper Los Angeles River,Blvd
347,LA1_Page_347.jpg,,6,HANFORD FINE SANDY LOAM,Alhambra Wash-Rio Hondo,Peck,Los Angeles,Rio Hondo,Rd
348,LA1_Page_348.jpg,,,TUJUNGA FINE SANDY LOAM,Compton Creek-Los Angeles River,,Los Angeles,Lower Los Angeles River,
349,LA1_Page_349.jpg,Haines Cyn Channel,7.6,HANFORD GRAVELLY SANDY LOAM,Lower Big Tujunga Creek,Summitrose,Los Angeles,Big Tujunga Creek,St
350,LA1_Page_350.jpg,,6,HANFORD FINE SANDY LOAM,Alhambra Wash-Rio Hondo,State Highway 60,Los Angeles,Rio Hondo,
351,LA1_Page_351.jpg,Reservoir,7.2,YOLO LOAM,Arroyo Seco,Branch,Los Angeles,Lower Los Angeles River,St
352,LA1_Page_352.jpg,,6.8,TUJUNGA FINE SANDY LOAM,Tujunga Wash-Los Angeles River,Lankershim,Los Angeles,Upper Los Angeles River,Blvd
353,LA1_Page_353.jpg,,5.4,YOLO LOAM,Santa Monica Beach-Frontal Santa Monica Bay,Harrison,Santa Monica Bay,Garapito Creek-Frontal Santa Monica Bay,Ave
354,LA1_Page_354.jpg,Los Angeles River,7.6,YOLO CLAY LOAM,Tujunga Wash-Los Angeles River,Victory,Los Angeles,Upper Los Angeles River,Blvd
355,LA1_Page_355.jpg,Pacoima Wash,7.2,YOLO LOAM,Tujunga Wash-Los Angeles River,Sepulveda,Los Angeles,Upper Los Angeles River,Blvd
356,LA1_Page_356.jpg,,6,RAMONA LOAM,Lower Dominguez Channel,,Santa Monica Bay,Dominguez Channel,
357,LA1_Page_357.jpg,,,RAMONA LOAM,Chavez Ravine-Los Angeles River,3rd,Los Angeles,Lower Los Angeles River,St
358,LA1_Page_358.jpg,San Jose Creek,,RAMONA LOAM,Lower San Jose Creek,Valley,San Gabriel,San Jose Creek,Blvd
359,LA1_Page_359.jpg,Los Angeles River,6.2,TUJUNGA FINE SANDY LOAM,Compton Creek-Los Angeles River,Susana,Los Angeles,Lower Los Angeles River,Rd
360,LA1_Page_360.jpg,Aliso Wash,7.4,YOLO LOAM,Tujunga Wash-Los Angeles River,Sherman,Los Angeles,Upper Los Angeles River,Way
361,LA1_Page_361.jpg,,6.2,TUJUNGA FINE SANDY LOAM,Santa Fe Flood Control Basin-San Gabriel River,Cloverleaf,San Gabriel,Lower San Gabriel River,Dr
362,LA1_Page_362.jpg,Ballona Creek,,RAMONA LOAM,Ballona Creek,Corbet,Santa Monica Bay,Ballona Creek,St
363,LA1_Page_363.jpg,Bell Creek,6.8,YOLO LOAM,Bell Creek-Los Angeles River,Topanga Canyon,Los Angeles,Upper Los Angeles River,Blvd
364,LA1_Page_364.jpg,,6,HANFORD FINE SANDY LOAM,Coyote Creek-San Gabriel River,,San Gabriel,Lower San Gabriel River,
365,LA1_Page_365.jpg,San Jose Creek,,YOLO CLAY LOAM,Lower San Jose Creek,Valley,San Gabriel,San Jose Creek,Blvd
366,LA1_Page_366.jpg,Los Angeles River,6.6,HANFORD FINE SANDY LOAM,Verdugo Wash,San Fernando,Los Angeles,Upper Los Angeles River,Rd
367,LA1_Page_367.jpg,Tujunga Chnl Fld Cnt,7.2,TUJUNGA FINE SANDY LOAM,Tujunga Wash-Los Angeles River,Victory,Los Angeles,Upper Los Angeles River,Blvd
368,LA1_Page_368.jpg,L A Co Flood Control,6.2,CHINO SILT LOAM,Santa Fe Flood Control Basin-San Gabriel River,4th,San Gabriel,Lower San Gabriel River,Ave
369,LA1_Page_369.jpg,,6.6,HANFORD SILT LOAM,Santa Fe Flood Control Basin-San Gabriel River,Rivergrade,San Gabriel,Lower San Gabriel River,Rd
370,LA1_Page_370.jpg,,6.8,TUJUNGA FINE SANDY LOAM,Tujunga Wash-Los Angeles River,Beck,Los Angeles,Upper Los Angeles River,Ave
371,LA1_Page_371.jpg,Alhambra Wash,6.2,HANFORD GRAVELLY SANDY LOAM,Alhambra Wash-Rio Hondo,Garvey,Los Angeles,Rio Hondo,Ave
372,LA1_Page_372.jpg,,,YOLO CLAY LOAM,Lower San Jose Creek,Walnut,San Gabriel,San Jose Creek,Dr
373,LA1_Page_373.jpg,Los Angeles River,,YOLO LOAM,Tujunga Wash-Los Angeles River,Fulton,Los Angeles,Upper Los Angeles River,Ave
374,LA1_Page_374.jpg,,,HANFORD FINE SANDY LOAM,Chavez Ravine-Los Angeles River,Conway,Los Angeles,Lower Los Angeles River,Pl
375,LA1_Page_375.jpg,,,TUJUNGA FINE SANDY LOAM,Compton Creek-Los Angeles River,Gibson,Los Angeles,Lower Los Angeles River,Ave
376,LA1_Page_376.jpg,,,HANFORD FINE SANDY LOAM,Chavez Ravine-Los Angeles River,I-710,Los Angeles,Lower Los Angeles River,
377,LA1_Page_377.jpg,Sepulveda Dam,8.2,YOLO LOAM,Tujunga Wash-Los Angeles River,Moorpark,Los Angeles,Upper Los Angeles River,St
378,LA1_Page_378.jpg,,,RAMONA SANDY LOAM,Long Beach Harbor-Frontal San Pedro Bay,Pacific Coast,Santa Monica Bay,Frontal Santa Monica Bay-San Pedro Bay,Hwy
379,LA1_Page_379.jpg,,,TUJUNGA FINE SANDY LOAM,Santa Fe Flood Control Basin-San Gabriel River,I-605,San Gabriel,Lower San Gabriel River,
380,LA1_Page_380.jpg,,,ALTAMONT CLAY LOAM,Ballona Creek,Hyperion,Santa Monica Bay,Ballona Creek,Ave
381,LA1_Page_381.jpg,,5.8,HANFORD FINE SANDY LOAM,Chavez Ravine-Los Angeles River,14th,Los Angeles,Lower Los Angeles River,St
382,LA1_Page_382.jpg,Los Angeles River,7,TUJUNGA FINE SANDY LOAM,Tujunga Wash-Los Angeles River,Ventura,Los Angeles,Upper Los Angeles River,Blvd
383,LA1_Page_383.jpg,,6.8,TUJUNGA FINE SANDY LOAM,Tujunga Wash-Los Angeles River,Lankershim,Los Angeles,Upper Los Angeles River,Blvd
384,LA1_Page_384.jpg,,6.4,HANFORD FINE SANDY LOAM,Scholl Canyon-Los Angeles River,San Fernando,Los Angeles,Lower Los Angeles River,Rd
385,LA1_Page_385.jpg,Haines Canyon Channel,8.8,UPPER LOS ANGELES RIVER,Lower Big Tujunga Creek,Greeley,Los Angeles,Big Tujunga Creek,St
386,LA1_Page_386.jpg,Aliso Creek,6.8,YOLO LOAM,Tujunga Wash-Los Angeles River,Parthenia,Los Angeles,Upper Los Angeles River,St
387,LA1_Page_387.jpg,Los Angeles River,7.4,YOLO LOAM,Tujunga Wash-Los Angeles River,Ventura,Los Angeles,Upper Los Angeles River,Blvd
388,LA1_Page_388.jpg,Wilson Cyn Channel,7.2,HANFORD FINE SANDY LOAM,Lower Pacoima Wash,Sayre,Los Angeles,Upper Los Angeles River,St
389,LA1_Page_389.jpg,,5.8,ALTAMONT CLAY LOAM,Ballona Creek,3rd,Santa Monica Bay,Ballona Creek,St
390,LA1_Page_390.jpg,,6,ALTAMONT CLAY LOAM,Ballona Creek,Lucile,Santa Monica Bay,Ballona Creek,Ave
391,LA1_Page_391.jpg,,,RAMONA LOAM,Lower San Jose Creek,4th,San Gabriel,San Jose Creek,
392,LA1_Page_392.jpg,,7.2,TUJUNGA FINE SANDY LOAM,Tujunga Wash-Los Angeles River,Victory,Los Angeles,Upper Los Angeles River,Blvd
393,LA1_Page_393.jpg,Ballona Creek,5.6,YOLO CLAY LOAM,Ballona Creek,Venice,Santa Monica Bay,Ballona Creek,Blvd
394,LA1_Page_394.jpg,,5.8,HANFORD FINE SANDY LOAM,Chavez Ravine-Los Angeles River,Enterprise,Los Angeles,Lower Los Angeles River,St
395,LA1_Page_395.jpg,,5.6,YOLO LOAM,Santa Monica Beach-Frontal Santa Monica Bay,Pacific,Santa Monica Bay,Garapito Creek-Frontal Santa Monica Bay,Ave
396,LA1_Page_396.jpg,,6.8,TUJUNGA FINE SANDY LOAM,Santa Anita Wash-Rio Hondo,I-605,Los Angeles,Rio Hondo,
397,LA1_Page_397.jpg,,5.6,YOLO LOAM,Santa Monica Beach-Frontal Santa Monica Bay,Main,Santa Monica Bay,Garapito Creek-Frontal Santa Monica Bay,St
398,LA1_Page_398.jpg,Haines Canyon Channel,8.6,HANFORD GRAVELLY SANDY LOAM,Lower Big Tujunga Creek,Valmont,Los Angeles,Big Tujunga Creek,St
399,LA1_Page_399.jpg,Arroyo Seco Channel,6.4,RAMONA LOAM,Arroyo Seco,Figueroa,Los Angeles,Lower Los Angeles River,St
400,LA1_Page_400.jpg,,5.6,RAMONA LOAM,Ballona Creek,Burnside,Santa Monica Bay,Ballona Creek,Ave
401,LA1_Page_401.jpg,Los Angeles River,7,YOLO LOAM,Tujunga Wash-Los Angeles River,Ventura,Los Angeles,Upper Los Angeles River,Blvd
402,LA1_Page_402.jpg,,5.4,YOLO LOAM,Ballona Creek,Centinela,Santa Monica Bay,Ballona Creek,Ave
403,LA1_Page_403.jpg,San Jose Creek,6.4,CHINO SILT LOAM,Lower San Jose Creek,,San Gabriel,San Jose Creek,
404,LA1_Page_404.jpg,,,TUJUNGA FINE SANDY LOAM,Santa Fe Flood Control Basin-San Gabriel River,I-605,San Gabriel,Lower San Gabriel River,
405,LA1_Page_405.jpg,,5.8,RAMONA LOAM,Alhambra Wash-Rio Hondo,,Los Angeles,Rio Hondo,
406,LA1_Page_406.jpg,Haines Canyon Channel,8.8,HANFORD GRAVELLY SANDY LOAM,Lower Big Tujunga Creek,Foothill,Los Angeles,Big Tujunga Creek,Blvd
407,LA1_Page_407.jpg,,6,TUJUNGA FINE SANDY LOAM,Chavez Ravine-Los Angeles River,I-710,Los Angeles,Lower Los Angeles River,
408,LA1_Page_408.jpg,,5.8,RAMONA LOAM,Compton Creek-Los Angeles River,Pacific,Los Angeles,Lower Los Angeles River,Pl
409,LA1_Page_409.jpg,Los Angeles River,6.8,ALTAMONT CLAY LOAM,Tujunga Wash-Los Angeles River,Eureka,Los Angeles,Upper Los Angeles River,Dr
410,LA1_Page_410.jpg,,6.2,RAMONA LOAM,Chavez Ravine-Los Angeles River,Broadway,Los Angeles,Lower Los Angeles River,
411,LA1_Page_411.jpg,,5.8,RAMONA LOAM,Chavez Ravine-Los Angeles River,8th,Los Angeles,Lower Los Angeles River,St
412,LA1_Page_412.jpg,,,YOLO CLAY LOAM,Lower San Jose Creek,Earlgate,San Gabriel,San Jose Creek,St
413,LA1_Page_413.jpg,San Jose Creek,,YOLO CLAY LOAM,Lower San Jose Creek,State Highway 60,San Gabriel,San Jose Creek,
414,LA1_Page_414.jpg,,6.4,RAMONA LOAM,Scholl Canyon-Los Angeles River,San Fernando,Los Angeles,Lower Los Angeles River,Rd
415,LA1_Page_415.jpg,,6.4,HANFORD SILT LOAM,Santa Fe Flood Control Basin-San Gabriel River,I-605,San Gabriel,Lower San Gabriel River,
416,LA1_Page_416.jpg,,6.4,ALTAMONT CLAY LOAM,Chavez Ravine-Los Angeles River,Huntington,Los Angeles,Lower Los Angeles River,Dr
417,LA1_Page_417.jpg,Los Angeles River,6.6,YOLO LOAM,Tujunga Wash-Los Angeles River,Ventura,Los Angeles,Upper Los Angeles River,Blvd
418,LA1_Page_418.jpg,,5.8,RAMONA LOAM,Ballona Creek,James M Wood,Santa Monica Bay,Ballona Creek,Blvd
419,LA1_Page_419.jpg,Ballona Creek,5.6,YOLO CLAY LOAM,Ballona Creek,Venice,Santa Monica Bay,Ballona Creek,Blvd
420,LA1_Page_420.jpg,,,CHINO SILT LOAM,Alhambra Wash-Rio Hondo,Durfee,Los Angeles,Rio Hondo,Ave
421,LA1_Page_421.jpg,Browns Canyon Wash,7,YOLO LOAM,Browns Canyon Wash,Sherman,Los Angeles,Upper Los Angeles River,Way
422,LA1_Page_422.jpg,,,HANFORD FINE SANDY LOAM,Chavez Ravine-Los Angeles River,District,Los Angeles,Lower Los Angeles River,Blvd
423,LA1_Page_423.jpg,Los Angeles River,7.4,YOLO LOAM,Tujunga Wash-Los Angeles River,Matilija,Los Angeles,Upper Los Angeles River,Ave
424,LA1_Page_424.jpg,,6.6,YOLO CLAY LOAM,Chavez Ravine-Los Angeles River,Huntington,Los Angeles,Lower Los Angeles River,Dr
425,LA1_Page_425.jpg,L A Co Flood Control,6.2,HANFORD FINE SANDY LOAM,Santa Fe Flood Control Basin-San Gabriel River,Valley,San Gabriel,Lower San Gabriel River,Blvd
426,LA1_Page_426.jpg,Sawpit Wash,6.8,TUJUNGA FINE SANDY LOAM,Santa Anita Wash-Rio Hondo,Longden,Los Angeles,Rio Hondo,Ave
427,LA1_Page_427.jpg,,5.6,RAMONA LOAM,Santa Monica Beach-Frontal Santa Monica Bay,4th,Santa Monica Bay,Garapito Creek-Frontal Santa Monica Bay,Ave
428,LA1_Page_428.jpg,Browns Canyon Wash,7,YOLO LOAM,Browns Canyon Wash,De Soto,Los Angeles,Upper Los Angeles River,Ave
429,LA1_Page_429.jpg,Bell Creek,6.8,YOLO GRAVELLY SANDY LOAM,Bell Creek-Los Angeles River,Sherman,Los Angeles,Upper Los Angeles River,Way
430,LA1_Page_430.jpg,Calabasas Creek,,DIABLO CLAY LOAM,Bell Creek-Los Angeles River,Ventura,Los Angeles,Upper Los Angeles River,Blvd
431,LA1_Page_431.jpg,,6.2,RAMONA LOAM,Chavez Ravine-Los Angeles River,Avenue 22,Los Angeles,Lower Los Angeles River,
432,LA1_Page_432.jpg,,,RAMONA SANDY LOAM,Long Beach Harbor-Frontal San Pedro Bay,Pioneer,Santa Monica Bay,Frontal Santa Monica Bay-San Pedro Bay,Ave
433,LA1_Page_433.jpg,,5.6,RAMONA LOAM,Ballona Creek,Curson,Santa Monica Bay,Ballona Creek,Ave
434,LA1_Page_434.jpg,,5.8,HANFORD FINE SANDY LOAM,Coyote Creek-San Gabriel River,Piuma,San Gabriel,Lower San Gabriel River,Ave
435,LA1_Page_435.jpg,,6.4,HANFORD FINE SANDY LOAM,Scholl Canyon-Los Angeles River,San Fernando,Los Angeles,Lower Los Angeles River,Rd
436,LA1_Page_436.jpg,,6.8,TUJUNGA FINE SANDY LOAM,Tujunga Wash-Los Angeles River,Magnolia,Los Angeles,Upper Los Angeles River,Blvd
437,LA1_Page_437.jpg,,6.8,TUJUNGA FINE SANDY LOAM,Santa Anita Wash-Rio Hondo,Peck,Los Angeles,Rio Hondo,Rd
438,LA1_Page_438.jpg,,6,ALTAMONT CLAY LOAM,Ballona Creek,Sunset,Santa Monica Bay,Ballona Creek,Blvd
439,LA1_Page_439.jpg,Browns Creek Channel,7,YOLO GRAVELLY SANDY LOAM,Aliso Canyon Wash,Devonshire,Los Angeles,Upper Los Angeles River,St
440,LA1_Page_440.jpg,,6.6,HANFORD SILT LOAM,Santa Fe Flood Control Basin-San Gabriel River,Rivergrade,San Gabriel,Lower San Gabriel River,Rd
441,LA1_Page_441.jpg,,,HANFORD FINE SANDY LOAM,Chavez Ravine-Los Angeles River,Downey,Los Angeles,Lower Los Angeles River,Rd
442,LA1_Page_442.jpg,Reservoir,7.2,YOLO LOAM,Arroyo Seco,Branch,Los Angeles,Lower Los Angeles River,St
443,LA1_Page_443.jpg,,5.8,RAMONA LOAM,Coyote Creek-San Gabriel River,,San Gabriel,Lower San Gabriel River,
444,LA1_Page_444.jpg,Bell Creek,6.8,YOLO LOAM,Tujunga Wash-Los Angeles River,Sherman,Los Angeles,Upper Los Angeles River,Way
445,LA1_Page_445.jpg,Los Angeles River,7.4,YOLO LOAM,Tujunga Wash-Los Angeles River,Woodman,Los Angeles,Upper Los Angeles River,Ave
446,LA1_Page_446.jpg,,,TUJUNGA FINE SANDY LOAM,Chavez Ravine-Los Angeles River,I-710,Los Angeles,Lower Los Angeles River,
447,LA1_Page_447.jpg,,5.8,HANFORD FINE SANDY LOAM,Chavez Ravine-Los Angeles River,Olympic,Los Angeles,Lower Los Angeles River,Blvd
448,LA1_Page_448.jpg,Browns Creek Channel,7.2,YOLO SANDY LOAM,Browns Canyon Wash,Devonshire,Los Angeles,Upper Los Angeles River,St
449,LA1_Page_449.jpg,,6.2,TUJUNGA FINE SANDY LOAM,Santa Fe Flood Control Basin-San Gabriel River,Cascade,San Gabriel,Lower San Gabriel River,St
450,LA1_Page_450.jpg,,5.8,ALTAMONT CLAY LOAM,Ballona Creek,Ingraham,Santa Monica Bay,Ballona Creek,St
451,LA1_Page_451.jpg,Los Angeles River,7.2,YOLO CLAY LOAM,Tujunga Wash-Los Angeles River,Vanowen,Los Angeles,Upper Los Angeles River,St
452,LA1_Page_452.jpg,,5.6,YOLO LOAM,Santa Monica Beach-Frontal Santa Monica Bay,Pacific,Santa Monica Bay,Garapito Creek-Frontal Santa Monica Bay,Ave
453,LA1_Page_453.jpg,,,YOLO CLAY LOAM,Lower San Jose Creek,Gale,San Gabriel,San Jose Creek,Ave
454,LA1_Page_454.jpg,Los Angeles River,7.8,YOLO FINE SANDY LOAM,Tujunga Wash-Los Angeles River,Moorpark,Los Angeles,Upper Los Angeles River,St
455,LA1_Page_455.jpg,San Jose Creek,,YOLO CLAY LOAM,Lower San Jose Creek,Walnut,San Gabriel,San Jose Creek,Dr
456,LA1_Page_456.jpg,,6.4,ALTAMONT CLAY LOAM,Chavez Ravine-Los Angeles River,Huntington,Los Angeles,Lower Los Angeles River,Dr
457,LA1_Page_457.jpg,Haines Canyon Channel,8.8,HANFORD GRAVELLY SANDY LOAM,Lower Big Tujunga Creek,Foothill,Los Angeles,Big Tujunga Creek,Blvd
458,LA1_Page_458.jpg,,5.8,RAMONA LOAM,Chavez Ravine-Los Angeles River,Olympic,Los Angeles,Lower Los Angeles River,Blvd
459,LA1_Page_459.jpg,Los Angeles River,,DIABLO CLAY LOAM,Tujunga Wash-Los Angeles River,Ventura,Los Angeles,Upper Los Angeles River,Blvd
460,LA1_Page_460.jpg,Arroyo Seco Channel,6.4,HANFORD GRAVELLY SANDY LOAM,Arroyo Seco,Avenue 37,Los Angeles,Lower Los Angeles River,
461,LA1_Page_461.jpg,Pacoima Wash,6.6,HANFORD GRAVELLY SANDY LOAM,Lower Pacoima Wash,Vesper,Los Angeles,Upper Los Angeles River,Ave
462,LA1_Page_462.jpg,,6,HANFORD FINE SANDY LOAM,Alhambra Wash-Rio Hondo,Miller,Los Angeles,Rio Hondo,Way
463,LA1_Page_463.jpg,,6,ALTAMONT CLAY LOAM,Ballona Creek,Micheltorena,Santa Monica Bay,Ballona Creek,St
464,LA1_Page_464.jpg,,6.2,ALTAMONT CLAY LOAM,Scholl Canyon-Los Angeles River,Clearwater,Los Angeles,Lower Los Angeles River,St
465,LA1_Page_465.jpg,Browns Creek Channel,7.2,YOLO SANDY LOAM,Browns Canyon Wash,Devonshire,Los Angeles,Upper Los Angeles River,St
466,LA1_Page_466.jpg,,5.6,CHINO SILT LOAM,Santa Monica Beach-Frontal Santa Monica Bay,Sunset,Santa Monica Bay,Garapito Creek-Frontal Santa Monica Bay,Ave
467,LA1_Page_467.jpg,Bull Creek,7.4,YOLO SANDY LOAM,Tujunga Wash-Los Angeles River,Sherman,Los Angeles,Upper Los Angeles River,Way
468,LA1_Page_468.jpg,San Jose Creek,,YOLO CLAY LOAM,Lower San Jose Creek,,San Gabriel,San Jose Creek,
469,LA1_Page_469.jpg,Browns Creek Channel,6.4,YOLO GRAVELLY SANDY LOAM,Browns Canyon Wash,De Soto,Los Angeles,Upper Los Angeles River,Ave
470,LA1_Page_470.jpg,Pacoima Wash,7.2,YOLO LOAM,Lower Pacoima Wash,Parthenia,Los Angeles,Upper Los Angeles River,St
471,LA1_Page_471.jpg,,,RAMONA LOAM,Ballona Creek,Virgil,Santa Monica Bay,Ballona Creek,Ave
472,LA1_Page_472.jpg,,6.4,TUJUNGA FINE SANDY LOAM,Santa Fe Flood Control Basin-San Gabriel River,,San Gabriel,Lower San Gabriel River,
473,LA1_Page_473.jpg,Aliso Canyon-Wash,,YOLO LOAM,Tujunga Wash-Los Angeles River,Chatsworth,Los Angeles,Upper Los Angeles River,St
474,LA1_Page_474.jpg,,6,ALTAMONT CLAY LOAM,Ballona Creek,Hyperion,Santa Monica Bay,Ballona Creek,Ave
475,LA1_Page_475.jpg,Calabasas Creek,,DIABLO CLAY LOAM,Bell Creek-Los Angeles River,Ventura,Los Angeles,Upper Los Angeles River,Blvd
476,LA1_Page_476.jpg,Ballona Creek,5.6,YOLO CLAY LOAM,Ballona Creek,Sawyer,Santa Monica Bay,Ballona Creek,St
477,LA1_Page_477.jpg,Los Angeles River,6.8,ALTAMONT CLAY LOAM,Tujunga Wash-Los Angeles River,Ventura,Los Angeles,Upper Los Angeles River,Blvd
478,LA1_Page_478.jpg,Sepulveda Channel,5.4,YOLO LOAM,Ballona Creek,Inglewood,Santa Monica Bay,Ballona Creek,Blvd
479,LA1_Page_479.jpg,Los Angeles River,6.2,HANFORD FINE SANDY LOAM,Scholl Canyon-Los Angeles River,Garden,Los Angeles,Lower Los Angeles River,Ave
480,LA1_Page_480.jpg,,,RAMONA SANDY LOAM,Long Beach Harbor-Frontal San Pedro Bay,Pacific Coast,Santa Monica Bay,Frontal Santa Monica Bay-San Pedro Bay,Hwy
481,LA1_Page_481.jpg,Bell Creek,6.8,YOLO GRAVELLY SANDY LOAM,Bell Creek-Los Angeles River,Glade,Los Angeles,Upper Los Angeles River,Ave
482,LA1_Page_482.jpg,San Jose Creek,,YOLO CLAY LOAM,Lower San Jose Creek,Valley,San Gabriel,San Jose Creek,Blvd
483,LA1_Page_483.jpg,Flood Control Dam,,HANFORD SILT LOAM,Coyote Creek-San Gabriel River,I-605,San Gabriel,Lower San Gabriel River,
484,LA1_Page_484.jpg,,6,ALTAMONT CLAY LOAM,Ballona Creek,Sunset,Santa Monica Bay,Ballona Creek,Blvd
485,LA1_Page_485.jpg,Haines Cyn Channel,7.6,HANFORD GRAVELLY SANDY LOAM,Lower Big Tujunga Creek,Summitrose,Los Angeles,Big Tujunga Creek,St
486,LA1_Page_486.jpg,Browns Creek Channel,7,YOLO GRAVELLY SANDY LOAM,Browns Canyon Wash,Old Depot Plaza,Los Angeles,Upper Los Angeles River,Rd
487,LA1_Page_487.jpg,Los Angeles River,7.4,YOLO LOAM,Tujunga Wash-Los Angeles River,Ventura,Los Angeles,Upper Los Angeles River,Blvd
488,LA1_Page_488.jpg,Los Angeles River,,DIABLO CLAY LOAM,Tujunga Wash-Los Angeles River,Ventura,Los Angeles,Upper Los Angeles River,Blvd
489,LA1_Page_489.jpg,Arroyo Seco Channel,6.4,HANFORD GRAVELLY SANDY LOAM,Arroyo Seco,Theresa,Los Angeles,Lower Los Angeles River,St
490,LA1_Page_490.jpg,Arroyo Seco Channel,6.6,HANFORD GRAVELLY SANDY LOAM,Arroyo Seco,Avenue 45,Los Angeles,Lower Los Angeles River,
491,LA1_Page_491.jpg,Aliso Wash,,YOLO LOAM,Tujunga Wash-Los Angeles River,Reseda,Los Angeles,Upper Los Angeles River,Blvd
492,LA1_Page_492.jpg,Tujunga Wash,7.2,TUJUNGA FINE SANDY LOAM,Tujunga Wash-Los Angeles River,Ethel,Los Angeles,Upper Los Angeles River,Ave
493,LA1_Page_493.jpg,Ballona Creek,5.6,YOLO CLAY LOAM,Ballona Creek,Curson,Santa Monica Bay,Ballona Creek,Ave
494,LA1_Page_494.jpg,,5.8,RAMONA LOAM,Ballona Creek,8th,Santa Monica Bay,Ballona Creek,St
495,LA1_Page_495.jpg,,6,ALTAMONT CLAY LOAM,Ballona Creek,Alvarado,Santa Monica Bay,Ballona Creek,St
496,LA1_Page_496.jpg,,,RAMONA LOAM,Ballona Creek,Washington,Santa Monica Bay,Ballona Creek,Blvd
497,LA1_Page_497.jpg,Aliso Creek,6.8,YOLO LOAM,Tujunga Wash-Los Angeles River,Parthenia,Los Angeles,Upper Los Angeles River,St
498,LA1_Page_498.jpg,Haines Canyon Channel,8.6,HANFORD GRAVELLY SANDY LOAM,Lower Big Tujunga Creek,Valmont,Los Angeles,Big Tujunga Creek,St
499,LA1_Page_499.jpg,Tujunga Wash,6.4,TUJUNGA FINE SANDY LOAM,Tujunga Wash-Los Angeles River,Laurel Canyon,Los Angeles,Upper Los Angeles River,Blvd
500,LA1_Page_500.jpg,Burbank Channel,7.2,TUJUNGA FINE SANDY LOAM,Tujunga Wash-Los Angeles River,Avon,Los Angeles,Upper Los Angeles River,St
501,LA1_Page_501.jpg,Los Angeles River,6.8,ALTAMONT CLAY LOAM,Tujunga Wash-Los Angeles River,Eureka,Los Angeles,Upper Los Angeles River,Dr
502,LA1_Page_502.jpg,,6.4,RAMONA LOAM,Scholl Canyon-Los Angeles River,San Fernando,Los Angeles,Lower Los Angeles River,Rd
503,LA1_Page_503.jpg,Browns Creek Channel,7,YOLO GRAVELLY SANDY LOAM,Aliso Canyon Wash,Devonshire,Los Angeles,Upper Los Angeles River,St
504,LA1_Page_504.jpg,Aliso Creek,6.6,YOLO LOAM,Aliso Canyon Wash,Tampa,Los Angeles,Upper Los Angeles River,Ave
505,LA1_Page_505.jpg,San Jose Creek,,YOLO CLAY LOAM,Lower San Jose Creek,,San Gabriel,San Jose Creek,
506,LA1_Page_506.jpg,,6,ALTAMONT CLAY LOAM,Ballona Creek,Occidental,Santa Monica Bay,Ballona Creek,Blvd
507,LA1_Page_507.jpg,,,RAMONA LOAM,Chavez Ravine-Los Angeles River,Bradley,Los Angeles,Lower Los Angeles River,Ave
508,LA1_Page_508.jpg,,,TUJUNGA FINE SANDY LOAM,Compton Creek-Los Angeles River,,Los Angeles,Lower Los Angeles River,
509,LA1_Page_509.jpg,,,HANFORD FINE SANDY LOAM,Alhambra Wash-Rio Hondo,Whittier,Los Angeles,Rio Hondo,Blvd
510,LA1_Page_510.jpg,,5.6,RAMONA LOAM,Ballona Creek,Pico,Santa Monica Bay,Ballona Creek,Blvd
511,LA1_Page_511.jpg,,6.2,YOLO CLAY LOAM,Chavez Ravine-Los Angeles River,Selig,Los Angeles,Lower Los Angeles River,Pl
512,LA1_Page_512.jpg,,6,ALTAMONT CLAY LOAM,Ballona Creek,Glendale,Santa Monica Bay,Ballona Creek,Blvd
513,LA1_Page_513.jpg,,6.8,TUJUNGA FINE SANDY LOAM,Santa Anita Wash-Rio Hondo,Arrow,Los Angeles,Rio Hondo,Hwy
514,LA1_Page_514.jpg,,6,HANFORD FINE SANDY LOAM,Chavez Ravine-Los Angeles River,Garey,Los Angeles,Lower Los Angeles River,St
515,LA1_Page_515.jpg,,6,ALTAMONT CLAY LOAM,Ballona Creek,Hyperion,Santa Monica Bay,Ballona Creek,Ave
516,LA1_Page_516.jpg,Los Angeles River,6.8,TUJUNGA FINE SANDY LOAM,Tujunga Wash-Los Angeles River,Blue Canyon,Los Angeles,Upper Los Angeles River,Dr
517,LA1_Page_517.jpg,San Jose Creek,,CHINO SILT LOAM,Lower San Jose Creek,Valley,San Gabriel,San Jose Creek,Blvd
518,LA1_Page_518.jpg,Caballero Creek,8.2,YOLO LOAM,Tujunga Wash-Los Angeles River,Ventura,Los Angeles,Upper Los Angeles River,Blvd
519,LA1_Page_519.jpg,Los Angeles River,7.6,HANFORD SILT LOAM,Tujunga Wash-Los Angeles River,Van Nuys,Los Angeles,Upper Los Angeles River,Blvd
520,LA1_Page_520.jpg,Tujunga Chnl Fld Cnt,7.2,TUJUNGA FINE SANDY LOAM,Tujunga Wash-Los Angeles River,Victory,Los Angeles,Upper Los Angeles River,Blvd
521,LA1_Page_521.jpg,,6.2,TUJUNGA FINE SANDY LOAM,Big Dalton Wash,,San Gabriel,Dalton Wash,
522,LA1_Page_522.jpg,,5.6,YOLO CLAY LOAM,Ballona Creek,la Brea,Santa Monica Bay,Ballona Creek,Ave
523,LA1_Page_523.jpg,,,HANFORD GRAVELLY SANDY LOAM,Coyote Creek-San Gabriel River,,San Gabriel,Lower San Gabriel River,
524,LA1_Page_524.jpg,,,CHINO SILT LOAM,Alhambra Wash-Rio Hondo,Peck,Los Angeles,Rio Hondo,Rd
525,LA1_Page_525.jpg,,,RAMONA LOAM,Alhambra Wash-Rio Hondo,San Gabriel,Los Angeles,Rio Hondo,Blvd
526,LA1_Page_526.jpg,,6.6,TUJUNGA FINE SANDY LOAM,Tujunga Wash-Los Angeles River,Riverton,Los Angeles,Upper Los Angeles River,Ave
527,LA1_Page_527.jpg,Caballero Creek,8,YOLO LOAM,Tujunga Wash-Los Angeles River,Ventura,Los Angeles,Upper Los Angeles River,Blvd
528,LA1_Page_528.jpg,,,YOLO CLAY LOAM,Lower San Jose Creek,Yellow Brick,San Gabriel,San Jose Creek,Rd
529,LA1_Page_529.jpg,Aliso Wash,7.4,YOLO LOAM,Tujunga Wash-Los Angeles River,Reseda,Los Angeles,Upper Los Angeles River,Blvd
530,LA1_Page_530.jpg,Bull Creek,7.4,YOLO SANDY LOAM,Tujunga Wash-Los Angeles River,Hartland,Los Angeles,Upper Los Angeles River,St
531,LA1_Page_531.jpg,Los Angeles River,7.4,DIABLO CLAY LOAM,Tujunga Wash-Los Angeles River,Woodman,Los Angeles,Upper Los Angeles River,Ave
532,LA1_Page_532.jpg,L A Co Flood Control,6.2,HANFORD FINE SANDY LOAM,Santa Fe Flood Control Basin-San Gabriel River,Valley,San Gabriel,Lower San Gabriel River,Blvd
533,LA1_Page_533.jpg,Haines Cyn Channel,9,HANFORD GRAVELLY SANDY LOAM,Lower Big Tujunga Creek,Foothill,Los Angeles,Big Tujunga Creek,Blvd
534,LA1_Page_534.jpg,,6.6,TUJUNGA FINE SANDY LOAM,Tujunga Wash-Los Angeles River,Landale,Los Angeles,Upper Los Angeles River,St
535,LA1_Page_535.jpg,,5.6,RAMONA LOAM,Ballona Creek,Venice,Santa Monica Bay,Ballona Creek,Blvd
536,LA1_Page_536.jpg,,6.2,TUJUNGA FINE SANDY LOAM,Alhambra Wash-Rio Hondo,Garvey,Los Angeles,Rio Hondo,Ave
537,LA1_Page_537.jpg,,,TUJUNGA FINE SANDY LOAM,Compton Creek-Los Angeles River,Sportsman,Los Angeles,Lower Los Angeles River,Dr
538,LA1_Page_538.jpg,,,TUJUNGA FINE SANDY LOAM,Compton Creek-Los Angeles River,Sportsman,Los Angeles,Lower Los Angeles River,Dr
539,LA1_Page_539.jpg,Ballona Creek,5.6,YOLO CLAY LOAM,Ballona Creek,Venice,Santa Monica Bay,Ballona Creek,Blvd
540,LA1_Page_540.jpg,Los Angeles River,6.8,TUJUNGA FINE SANDY LOAM,Tujunga Wash-Los Angeles River,Ventura,Los Angeles,Upper Los Angeles River,Blvd
541,LA1_Page_541.jpg,,5.8,ALTAMONT CLAY LOAM,Ballona Creek,Rampart,Santa Monica Bay,Ballona Creek,Blvd
542,LA1_Page_542.jpg,Centinela Creek Channel,,OAKLEY FINE SAND,Ballona Creek,Major,Santa Monica Bay,Ballona Creek,St
543,LA1_Page_543.jpg,Los Angeles River,7.4,YOLO LOAM,Tujunga Wash-Los Angeles River,Ventura,Los Angeles,Upper Los Angeles River,Blvd
544,LA1_Page_544.jpg,Caballero Creek,8,YOLO FINE SANDY LOAM,Tujunga Wash-Los Angeles River,Ventura,Los Angeles,Upper Los Angeles River,Blvd
545,LA1_Page_545.jpg,,,TUJUNGA FINE SANDY LOAM,Santa Fe Flood Control Basin-San Gabriel River,I-605,San Gabriel,Lower San Gabriel River,
546,LA1_Page_546.jpg,Aliso Canyon-Wash,,YOLO SANDY LOAM,Tujunga Wash-Los Angeles River,Chatsworth,Los Angeles,Upper Los Angeles River,St
547,LA1_Page_547.jpg,,6.4,HANFORD FINE SANDY LOAM,Scholl Canyon-Los Angeles River,San Fernando,Los Angeles,Lower Los Angeles River,Rd
548,LA1_Page_548.jpg,Los Angeles River,6.2,TUJUNGA FINE SANDY LOAM,Compton Creek-Los Angeles River,I-710,Los Angeles,Lower Los Angeles River,
549,LA1_Page_549.jpg,Los Angeles River,7,YOLO LOAM,Tujunga Wash-Los Angeles River,Deering,Los Angeles,Upper Los Angeles River,Ave
550,LA1_Page_550.jpg,,,HANFORD FINE SANDY LOAM,Chavez Ravine-Los Angeles River,I-710,Los Angeles,Lower Los Angeles River,
551,LA1_Page_551.jpg,,5.6,YOLO CLAY LOAM,Santa Monica Beach-Frontal Santa Monica Bay,Venice,Santa Monica Bay,Garapito Creek-Frontal Santa Monica Bay,Blvd
552,LA1_Page_552.jpg,L A Co Flood Control,6.2,CHINO SILT LOAM,Santa Fe Flood Control Basin-San Gabriel River,Puente,San Gabriel,Lower San Gabriel River,Ave
553,LA1_Page_553.jpg,,,CHINO SILT LOAM,Alhambra Wash-Rio Hondo,Fineview,Los Angeles,Rio Hondo,St
554,LA1_Page_554.jpg,,5.8,TUJUNGA FINE SANDY LOAM,Chavez Ravine-Los Angeles River,,Los Angeles,Lower Los Angeles River,
555,LA1_Page_555.jpg,,,HANFORD FINE SANDY LOAM,Chavez Ravine-Los Angeles River,Mateo,Los Angeles,Lower Los Angeles River,St
556,LA1_Page_556.jpg,,5.8,HANFORD FINE SANDY LOAM,Compton Creek-Los Angeles River,Lemon,Los Angeles,Lower Los Angeles River,St
557,LA1_Page_557.jpg,,5.8,HANFORD FINE SANDY LOAM,Chavez Ravine-Los Angeles River,Olympic,Los Angeles,Lower Los Angeles River,Blvd
558,LA1_Page_558.jpg,,6,ALTAMONT CLAY LOAM,Ballona Creek,Alvarado,Santa Monica Bay,Ballona Creek,St
559,LA1_Page_559.jpg,San Jose Creek,,YOLO CLAY LOAM,Lower San Jose Creek,Walnut,San Gabriel,San Jose Creek,Dr
560,LA1_Page_560.jpg,San Jose Creek,,YOLO CLAY LOAM,Lower San Jose Creek,Valley,San Gabriel,San Jose Creek,Blvd
561,LA1_Page_561.jpg,,6.6,ALTAMONT CLAY LOAM,Chavez Ravine-Los Angeles River,Huntington,Los Angeles,Lower Los Angeles River,Dr
562,LA1_Page_562.jpg,Bell Creek,6.8,YOLO GRAVELLY SANDY LOAM,Bell Creek-Los Angeles River,Sherman,Los Angeles,Upper Los Angeles River,Way
563,LA1_Page_563.jpg,,6,HANFORD SILT LOAM,Coyote Creek-San Gabriel River,Pellissier,San Gabriel,Lower San Gabriel River,Pl
564,LA1_Page_564.jpg,,6.8,TUJUNGA FINE SANDY LOAM,Tujunga Wash-Los Angeles River,Burbank,Los Angeles,Upper Los Angeles River,Blvd
565,LA1_Page_565.jpg,,5.8,RAMONA LOAM,Ballona Creek,Rampart,Santa Monica Bay,Ballona Creek,Blvd
566,LA1_Page_566.jpg,Arroyo Seco Channel,6.8,RAMONA LOAM,Arroyo Seco,Avenue 56,Los Angeles,Lower Los Angeles River,
567,LA1_Page_567.jpg,Aliso Wash,7,YOLO LOAM,Aliso Canyon Wash,Roscoe,Los Angeles,Upper Los Angeles River,Blvd
568,LA1_Page_568.jpg,Los Angeles River,7,YOLO LOAM,Browns Canyon Wash,Sherman,Los Angeles,Upper Los Angeles River,Way
569,LA1_Page_569.jpg,San Jose Creek,6.6,YOLO CLAY LOAM,Upper San Jose Creek,Valley,San Gabriel,San Jose Creek,Blvd
570,LA1_Page_570.jpg,Los Angeles River,,YOLO LOAM,Tujunga Wash-Los Angeles River,Vanowen,Los Angeles,Upper Los Angeles River,St
571,LA1_Page_571.jpg,,,TUJUNGA FINE SANDY LOAM,Chavez Ravine-Los Angeles River,I-710,Los Angeles,Lower Los Angeles River,
572,LA1_Page_572.jpg,Los Angeles River,7.4,YOLO LOAM,Tujunga Wash-Los Angeles River,Matilija,Los Angeles,Upper Los Angeles River,Ave
573,LA1_Page_573.jpg,Los Angeles River,6.8,TUJUNGA FINE SANDY LOAM,Tujunga Wash-Los Angeles River,Ventura,Los Angeles,Upper Los Angeles River,Blvd
574,LA1_Page_574.jpg,L A Co Flood Control,6.2,CHINO SILT LOAM,Santa Fe Flood Control Basin-San Gabriel River,Valley,San Gabriel,Lower San Gabriel River,Blvd
575,LA1_Page_575.jpg,,6,ALTAMONT CLAY LOAM,Ballona Creek,Glendale,Santa Monica Bay,Ballona Creek,Blvd
576,LA1_Page_576.jpg,,,RAMONA LOAM,Long Beach Harbor-Frontal San Pedro Bay,Vermont,Santa Monica Bay,Frontal Santa Monica Bay-San Pedro Bay,Ave
577,LA1_Page_577.jpg,Tujunga Wash,7.2,TUJUNGA FINE SANDY LOAM,Tujunga Wash-Los Angeles River,Sherman,Los Angeles,Upper Los Angeles River,Way
578,LA1_Page_578.jpg,,,RAMONA LOAM,Chavez Ravine-Los Angeles River,3rd,Los Angeles,Lower Los Angeles River,St
579,LA1_Page_579.jpg,,6,ALTAMONT CLAY LOAM,Ballona Creek,Hyperion,Santa Monica Bay,Ballona Creek,Ave
580,LA1_Page_580.jpg,Reservoir,7.2,YOLO LOAM,Arroyo Seco,Branch,Los Angeles,Lower Los Angeles River,St
581,LA1_Page_581.jpg,,5.8,RAMONA LOAM,Ballona Creek,8th,Santa Monica Bay,Ballona Creek,St
582,LA1_Page_582.jpg,San Jose Creek,,YOLO CLAY LOAM,Lower San Jose Creek,Walnut,San Gabriel,San Jose Creek,Dr
583,LA1_Page_583.jpg,Centinela Creek Channel,,OAKLEY FINE SAND,Ballona Creek,Major,Santa Monica Bay,Ballona Creek,St
584,LA1_Page_584.jpg,,5.6,RAMONA LOAM,Ballona Creek,Pico,Santa Monica Bay,Ballona Creek,Blvd
585,LA1_Page_585.jpg,Flood Control Dam,,HANFORD SILT LOAM,Coyote Creek-San Gabriel River,I-605,San Gabriel,Lower San Gabriel River,
586,LA1_Page_586.jpg,Arroyo Seco Channel,6.4,HANFORD GRAVELLY SANDY LOAM,Arroyo Seco,Theresa,Los Angeles,Lower Los Angeles River,St
587,LA1_Page_587.jpg,,6.6,HANFORD SILT LOAM,Santa Fe Flood Control Basin-San Gabriel River,I-605,San Gabriel,Lower San Gabriel River,
588,LA1_Page_588.jpg,Sawpit Wash,6.8,TUJUNGA FINE SANDY LOAM,Santa Anita Wash-Rio Hondo,Longden,Los Angeles,Rio Hondo,Ave
589,LA1_Page_589.jpg,,6.2,HANFORD FINE SANDY LOAM,Chavez Ravine-Los Angeles River,I-710,Los Angeles,Lower Los Angeles River,
590,LA1_Page_590.jpg,San Jose Creek,,YOLO CLAY LOAM,Lower San Jose Creek,Walnut,San Gabriel,San Jose Creek,Dr
591,LA1_Page_591.jpg,,6.6,ALTAMONT CLAY LOAM,Chavez Ravine-Los Angeles River,Huntington,Los Angeles,Lower Los Angeles River,Dr
592,LA1_Page_592.jpg,,7,TUJUNGA FINE SANDY LOAM,Tujunga Wash-Los Angeles River,Victory,Los Angeles,Upper Los Angeles River,Blvd
593,LA1_Page_593.jpg,,6,HANFORD FINE SANDY LOAM,Alhambra Wash-Rio Hondo,State Highway 60,Los Angeles,Rio Hondo,
594,LA1_Page_594.jpg,Pacoima Wash,6.6,TUJUNGA FINE SANDY LOAM,Tujunga Wash-Los Angeles River,Borden,Los Angeles,Upper Los Angeles River,Ave
595,LA1_Page_595.jpg,,5.8,ALTAMONT CLAY LOAM,Ballona Creek,Rampart,Santa Monica Bay,Ballona Creek,Blvd
596,LA1_Page_596.jpg,Reservoir,7.2,YOLO LOAM,Arroyo Seco,Avenue 64,Los Angeles,Lower Los Angeles River,
597,LA1_Page_597.jpg,,5.8,HANFORD FINE SANDY LOAM,Coyote Creek-San Gabriel River,Beverly,San Gabriel,Lower San Gabriel River,Blvd
598,LA1_Page_598.jpg,Calabasas Creek,,DIABLO CLAY LOAM,Bell Creek-Los Angeles River,Ventura,Los Angeles,Upper Los Angeles River,Blvd
599,LA1_Page_599.jpg,,6,HANFORD FINE SANDY LOAM,Chavez Ravine-Los Angeles River,Garey,Los Angeles,Lower Los Angeles River,St
600,LA1_Page_600.jpg,Los Angeles River,7.4,DIABLO CLAY LOAM,Tujunga Wash-Los Angeles River,Woodman,Los Angeles,Upper Los Angeles River,Ave
601,LA1_Page_601.jpg,Tujunga Chnl Fld Cnt,7.2,TUJUNGA FINE SANDY LOAM,Tujunga Wash-Los Angeles River,Victory,Los Angeles,Upper Los Angeles River,Blvd
602,LA1_Page_602.jpg,,6,CHINO SILT LOAM,Alhambra Wash-Rio Hondo,Rosemead,Los Angeles,Rio Hondo,Blvd
603,LA1_Page_603.jpg,Los Angeles River,,DIABLO CLAY LOAM,Tujunga Wash-Los Angeles River,Ventura,Los Angeles,Upper Los Angeles River,Blvd
604,LA1_Page_604.jpg,,,TUJUNGA FINE SANDY LOAM,Santa Fe Flood Control Basin-San Gabriel River,Patritti,San Gabriel,Lower San Gabriel River,Ave
605,LA1_Page_605.jpg,,6.4,TUJUNGA FINE SANDY LOAM,Santa Anita Wash-Rio Hondo,I-10,Los Angeles,Rio Hondo,
606,LA1_Page_606.jpg,Los Angeles River,6.2,CHINO SILT LOAM,Compton Creek-Los Angeles River,Susana,Los Angeles,Lower Los Angeles River,Rd
607,LA1_Page_607.jpg,,,TUJUNGA FINE SANDY LOAM,Santa Fe Flood Control Basin-San Gabriel River,I-605,San Gabriel,Lower San Gabriel River,
608,LA1_Page_608.jpg,,6.2,HANFORD FINE SANDY LOAM,Santa Fe Flood Control Basin-San Gabriel River,Gilman,San Gabriel,Lower San Gabriel River,Rd
609,LA1_Page_609.jpg,,,HANFORD GRAVELLY SANDY LOAM,Coyote Creek-San Gabriel River,Firestone,San Gabriel,Lower San Gabriel River,Blvd
610,LA1_Page_610.jpg,Caballero Creek,8,YOLO FINE SANDY LOAM,Tujunga Wash-Los Angeles River,Avenida Hacienda,Los Angeles,Upper Los Angeles River,
611,LA1_Page_611.jpg,,6.6,HANFORD SILT LOAM,Santa Fe Flood Control Basin-San Gabriel River,I-605,San Gabriel,Lower San Gabriel River,
612,LA1_Page_612.jpg,Haines Canyon Channel,8.6,HANFORD GRAVELLY SANDY LOAM,Lower Big Tujunga Creek,Foothill,Los Angeles,Big Tujunga Creek,Blvd
613,LA1_Page_613.jpg,Aliso Wash,7.4,YOLO LOAM,Tujunga Wash-Los Angeles River,Reseda,Los Angeles,Upper Los Angeles River,Blvd
614,LA1_Page_614.jpg,Los Angeles River,7,YOLO LOAM,Tujunga Wash-Los Angeles River,Deering,Los Angeles,Upper Los Angeles River,Ave
615,LA1_Page_615.jpg,San Gabriel River,6.8,TUJUNGA FINE SANDY LOAM,Santa Anita Wash-Rio Hondo,Live Oak,Los Angeles,Rio Hondo,Ln
616,LA1_Page_616.jpg,,6.4,HANFORD FINE SANDY LOAM,Scholl Canyon-Los Angeles River,San Fernando,Los Angeles,Lower Los Angeles River,Rd
617,LA1_Page_617.jpg,Los Angeles River,7.4,YOLO LOAM,Tujunga Wash-Los Angeles River,Ventura,Los Angeles,Upper Los Angeles River,Blvd
618,LA1_Page_618.jpg,,6,ALTAMONT CLAY LOAM,Ballona Creek,Glendale,Santa Monica Bay,Ballona Creek,Blvd
619,LA1_Page_619.jpg,,6.4,ALTAMONT CLAY LOAM,Chavez Ravine-Los Angeles River,Huntington,Los Angeles,Lower Los Angeles River,Dr
620,LA1_Page_620.jpg,,6.4,HANFORD FINE SANDY LOAM,Scholl Canyon-Los Angeles River,San Fernando,Los Angeles,Lower Los Angeles River,Rd
621,LA1_Page_621.jpg,,,TUJUNGA FINE SANDY LOAM,Alhambra Wash-Rio Hondo,I-5,Los Angeles,Rio Hondo,
622,LA1_Page_622.jpg,,,CHINO SILT LOAM,Chavez Ravine-Los Angeles River,Bandini,Los Angeles,Lower Los Angeles River,Blvd
623,LA1_Page_623.jpg,Stream,7.2,YOLO SANDY LOAM,Browns Canyon Wash,Topanga Canyon,Los Angeles,Upper Los Angeles River,Blvd
624,LA1_Page_624.jpg,Storm Drain,,MONTEZUMA CLAY ADOBE,Lower Dominguez Channel,Torrance,Santa Monica Bay,Dominguez Channel,Blvd
625,LA1_Page_625.jpg,San Jose Creek,,YOLO CLAY LOAM,Lower San Jose Creek,Tucker,San Gabriel,San Jose Creek,Ln
626,LA1_Page_626.jpg,Ballona Creek,,HANFORD FINE SANDY LOAM,Ballona Creek,La Cienega,Santa Monica Bay,Ballona Creek,Pl
627,LA1_Page_627.jpg,,5.6,RAMONA LOAM,Ballona Creek,Pico,Santa Monica Bay,Ballona Creek,Blvd
628,LA1_Page_628.jpg,,6,ALTAMONT CLAY LOAM,Ballona Creek,Mountain View,Santa Monica Bay,Ballona Creek,Ave
629,LA1_Page_629.jpg,,6,TUJUNGA FINE SANDY LOAM,Alhambra Wash-Rio Hondo,Miller,Los Angeles,Rio Hondo,Way
630,LA1_Page_630.jpg,,,TUJUNGA FINE SANDY LOAM,Compton Creek-Los Angeles River,Compton,Los Angeles,Lower Los Angeles River,Blvd
631,LA1_Page_631.jpg,,6.2,TUJUNGA FINE SANDY LOAM,Big Dalton Wash,Cloverleaf,San Gabriel,Dalton Wash,Dr
632,LA1_Page_632.jpg,Stream,6.4,YOLO GRAVELLY SANDY LOAM,Lower Big Tujunga Creek,Wheatland,Los Angeles,Big Tujunga Creek,Ave
633,LA1_Page_633.jpg,Haines Canyon Channel,7.4,HANFORD GRAVELLY SANDY LOAM,Lower Big Tujunga Creek,Foothill,Los Angeles,Big Tujunga Creek,Blvd
634,LA1_Page_634.jpg,,6.2,HANFORD FINE SANDY LOAM,Alhambra Wash-Rio Hondo,Bruin,Los Angeles,Rio Hondo,Ave
635,LA1_Page_635.jpg,,,CHINO SILT LOAM,Alhambra Wash-Rio Hondo,Durfee,Los Angeles,Rio Hondo,Ave
636,LA1_Page_636.jpg,,5.6,RAMONA LOAM,Ballona Creek,Pico,Santa Monica Bay,Ballona Creek,Blvd
637,LA1_Page_637.jpg,Tujunga Wash,7.2,TUJUNGA FINE SANDY LOAM,Tujunga Wash-Los Angeles River,Saticoy,Los Angeles,Upper Los Angeles River,St
638,LA1_Page_638.jpg,,7,RAMONA LOAM,Scholl Canyon-Los Angeles River,Mount Helena,Los Angeles,Lower Los Angeles River,Ave
639,LA1_Page_639.jpg,Arroyo Seco Channel,7.2,YOLO LOAM,Arroyo Seco,Avenue 63,Los Angeles,Lower Los Angeles River,
640,LA1_Page_640.jpg,,6.6,HANFORD SILT LOAM,Santa Fe Flood Control Basin-San Gabriel River,Rivergrade,San Gabriel,Lower San Gabriel River,Rd
641,LA1_Page_641.jpg,Pacoima Wash,6.4,TUJUNGA FINE SANDY LOAM,Lower Pacoima Wash,Fox,Los Angeles,Upper Los Angeles River,St
642,LA1_Page_642.jpg,,6,RAMONA LOAM,Chavez Ravine-Los Angeles River,Villa,Los Angeles,Lower Los Angeles River,St
643,LA1_Page_643.jpg,,6.2,TUJUNGA FINE SANDY LOAM,Alhambra Wash-Rio Hondo,Rosemead,Los Angeles,Rio Hondo,Blvd
644,LA1_Page_644.jpg,,6.2,RAMONA LOAM,Chavez Ravine-Los Angeles River,,Los Angeles,Lower Los Angeles River,
645,LA1_Page_645.jpg,Bell Creek,6.8,YOLO LOAM,Tujunga Wash-Los Angeles River,Sherman,Los Angeles,Upper Los Angeles River,Way
646,LA1_Page_646.jpg,Bull Creek,,YOLO FINE SANDY LOAM,Tujunga Wash-Los Angeles River,Saticoy,Los Angeles,Upper Los Angeles River,St
647,LA1_Page_647.jpg,,6,HANFORD FINE SANDY LOAM,Alhambra Wash-Rio Hondo,Peck,Los Angeles,Rio Hondo,Rd
648,LA1_Page_648.jpg,Ballona Creek,5.6,YOLO CLAY LOAM,Ballona Creek,Venice,Santa Monica Bay,Ballona Creek,Blvd
649,LA1_Page_649.jpg,,6.8,TUJUNGA FINE SANDY LOAM,Tujunga Wash-Los Angeles River,Tujunga,Los Angeles,Upper Los Angeles River,Ave
650,LA1_Page_650.jpg,,,CHINO SILT LOAM,Chavez Ravine-Los Angeles River,26th,Los Angeles,Lower Los Angeles River,St
651,LA1_Page_651.jpg,,,DIABLO CLAY LOAM,Bell Creek-Los Angeles River,Ventura,Los Angeles,Upper Los Angeles River,Blvd
652,LA1_Page_652.jpg,,6.2,TUJUNGA FINE SANDY LOAM,Santa Fe Flood Control Basin-San Gabriel River,Valley,San Gabriel,Lower San Gabriel River,Blvd
653,LA1_Page_653.jpg,,,HANFORD SILT LOAM,Santa Anita Wash-Rio Hondo,Live Oak,Los Angeles,Rio Hondo,Ave
654,LA1_Page_654.jpg,Los Angeles River,7.2,YOLO LOAM,Tujunga Wash-Los Angeles River,Ventura,Los Angeles,Upper Los Angeles River,Blvd
655,LA1_Page_655.jpg,Los Angeles River,,DIABLO CLAY LOAM,Tujunga Wash-Los Angeles River,Ventura,Los Angeles,Upper Los Angeles River,Blvd
656,LA1_Page_656.jpg,Los Angeles River,7.4,YOLO LOAM,Tujunga Wash-Los Angeles River,Ventura,Los Angeles,Upper Los Angeles River,Blvd
657,LA1_Page_657.jpg,Haines Canyon Channel,8.6,TUJUNGA FINE SANDY LOAM,Lower Big Tujunga Creek,Foothill,Los Angeles,Big Tujunga Creek,Blvd
658,LA1_Page_658.jpg,,6.8,TUJUNGA FINE SANDY LOAM,Tujunga Wash-Los Angeles River,Cumpston,Los Angeles,Upper Los Angeles River,St
659,LA1_Page_659.jpg,Los Angeles River,6.6,TUJUNGA FINE SANDY LOAM,Tujunga Wash-Los Angeles River,Arch,Los Angeles,Upper Los Angeles River,Dr
660,LA1_Page_660.jpg,,,TUJUNGA FINE SANDY LOAM,Compton Creek-Los Angeles River,Gibson,Los Angeles,Lower Los Angeles River,Ave
661,LA1_Page_661.jpg,Arroyo Seco Channel,6.4,HANFORD GRAVELLY SANDY LOAM,Arroyo Seco,Figueroa,Los Angeles,Lower Los Angeles River,St
662,LA1_Page_662.jpg,San Jose Creek,6.6,YOLO CLAY LOAM,Upper San Jose Creek,Valley,San Gabriel,San Jose Creek,Blvd
663,LA1_Page_663.jpg,San Jose Creek,,YOLO CLAY LOAM,Lower San Jose Creek,,San Gabriel,San Jose Creek,
664,LA1_Page_664.jpg,Browns Canyon Wash,7,YOLO LOAM,Tujunga Wash-Los Angeles River,Oso,Los Angeles,Upper Los Angeles River,Ave
665,LA1_Page_665.jpg,Bull Creek,7.4,YOLO FINE SANDY LOAM,Bull Creek,Rubio,Los Angeles,Upper Los Angeles River,Ave
666,LA1_Page_666.jpg,,5.8,HANFORD FINE SANDY LOAM,Coyote Creek-San Gabriel River,I-605,San Gabriel,Lower San Gabriel River,
667,LA1_Page_667.jpg,,5.8,RAMONA LOAM,Alhambra Wash-Rio Hondo,I-5,Los Angeles,Rio Hondo,
668,LA1_Page_668.jpg,Pacoima Wash,7,HANFORD FINE SANDY LOAM,Lower Pacoima Wash,Bromont,Los Angeles,Upper Los Angeles River,Ave
669,LA1_Page_669.jpg,Los Angeles River,6.8,TUJUNGA FINE SANDY LOAM,Tujunga Wash-Los Angeles River,Ventura,Los Angeles,Upper Los Angeles River,Blvd
670,LA1_Page_670.jpg,,6,ALTAMONT CLAY LOAM,Ballona Creek,Scott,Santa Monica Bay,Ballona Creek,Ave
671,LA1_Page_671.jpg,Ballona Creek,5.6,YOLO CLAY LOAM,Ballona Creek,Venice,Santa Monica Bay,Ballona Creek,Blvd
672,LA1_Page_672.jpg,,6,RAMONA LOAM,Coyote Creek-San Gabriel River,Cambray,San Gabriel,Lower San Gabriel River,Dr
673,LA1_Page_673.jpg,,5.8,RAMONA LOAM,Ballona Creek,8th,Santa Monica Bay,Ballona Creek,St
674,LA1_Page_674.jpg,Bell Creek,6.8,YOLO LOAM,Bell Creek-Los Angeles River,Topanga Canyon,Los Angeles,Upper Los Angeles River,Blvd
675,LA1_Page_675.jpg,Los Angeles River,,DIABLO CLAY LOAM,Tujunga Wash-Los Angeles River,Ventura,Los Angeles,Upper Los Angeles River,Blvd
676,LA1_Page_676.jpg,Tujunga Wash,7.2,TUJUNGA FINE SANDY LOAM,Tujunga Wash-Los Angeles River,Cumpston,Los Angeles,Upper Los Angeles River,St
677,LA1_Page_677.jpg,,6,HANFORD SILT LOAM,Coyote Creek-San Gabriel River,Pellissier,San Gabriel,Lower San Gabriel River,Pl
678,LA1_Page_678.jpg,Bull Creek,7.4,YOLO SANDY LOAM,Tujunga Wash-Los Angeles River,Balboa,Los Angeles,Upper Los Angeles River,Blvd
679,LA1_Page_679.jpg,Wilson Canyon Channel,,HANFORD FINE SANDY LOAM,Lower Pacoima Wash,Foothill,Los Angeles,Upper Los Angeles River,Blvd
680,LA1_Page_680.jpg,Aliso Wash,6.8,YOLO LOAM,Aliso Canyon Wash,Sylvia,Los Angeles,Upper Los Angeles River,Ave
681,LA1_Page_681.jpg,Bell Creek,6.8,YOLO LOAM,Tujunga Wash-Los Angeles River,Sherman,Los Angeles,Upper Los Angeles River,Way
682,LA1_Page_682.jpg,,6.8,TUJUNGA FINE SANDY LOAM,Tujunga Wash-Los Angeles River,Bakman,Los Angeles,Upper Los Angeles River,Ave
683,LA1_Page_683.jpg,Aliso Canyon-Wash,,YOLO SANDY LOAM,Tujunga Wash-Los Angeles River,White Oak,Los Angeles,Upper Los Angeles River,Ave
684,LA1_Page_684.jpg,,6.4,HANFORD FINE SANDY LOAM,Scholl Canyon-Los Angeles River,San Fernando,Los Angeles,Lower Los Angeles River,Rd
685,LA1_Page_685.jpg,,6,HANFORD FINE SANDY LOAM,Alhambra Wash-Rio Hondo,Durfee,Los Angeles,Rio Hondo,Ave
686,LA1_Page_686.jpg,Los Angeles River,7.4,YOLO LOAM,Tujunga Wash-Los Angeles River,Ventura,Los Angeles,Upper Los Angeles River,Blvd
687,LA1_Page_687.jpg,L A Co Flood Control,6.2,HANFORD FINE SANDY LOAM,Santa Fe Flood Control Basin-San Gabriel River,Valley,San Gabriel,Lower San Gabriel River,Blvd
688,LA1_Page_688.jpg,San Jose Creek,,YOLO CLAY LOAM,Lower San Jose Creek,Walnut,San Gabriel,San Jose Creek,Dr
689,LA1_Page_689.jpg,Tujunga Wash,7.2,TUJUNGA FINE SANDY LOAM,Tujunga Wash-Los Angeles River,Magnolia,Los Angeles,Upper Los Angeles River,Blvd
690,LA1_Page_690.jpg,Haines Cyn Channel,9,HANFORD GRAVELLY SANDY LOAM,Lower Big Tujunga Creek,Foothill,Los Angeles,Big Tujunga Creek,Blvd
691,LA1_Page_691.jpg,San Jose Creek,6.6,YOLO CLAY LOAM,Upper San Jose Creek,Valley,San Gabriel,San Jose Creek,Blvd
692,LA1_Page_692.jpg,Arroyo Seco Channel,6.4,RAMONA LOAM,Chavez Ravine-Los Angeles River,Pasadena,Los Angeles,Lower Los Angeles River,Ave
693,LA1_Page_693.jpg,Tujunga Wash,7.2,TUJUNGA FINE SANDY LOAM,Tujunga Wash-Los Angeles River,Vanowen,Los Angeles,Upper Los Angeles River,St
694,LA1_Page_694.jpg,San Jose Creek,,YOLO CLAY LOAM,Lower San Jose Creek,Valley,San Gabriel,San Jose Creek,Blvd
695,LA1_Page_695.jpg,Stream,6.4,YOLO LOAM,Lower Big Tujunga Creek,Wheatland,Los Angeles,Big Tujunga Creek,Ave
696,LA1_Page_696.jpg,Centinela Creek,,MONTEZUMA CLAY ADOBE,Ballona Creek,La Tijera,Santa Monica Bay,Ballona Creek,Blvd
697,LA1_Page_697.jpg,Sawpit Wash,6.8,TUJUNGA FINE SANDY LOAM,Santa Anita Wash-Rio Hondo,Longden,Los Angeles,Rio Hondo,Ave
698,LA1_Page_698.jpg,,6.2,HANFORD FINE SANDY LOAM,Chavez Ravine-Los Angeles River,I-710,Los Angeles,Lower Los Angeles River,
699,LA1_Page_699.jpg,,6.2,TUJUNGA FINE SANDY LOAM,Scholl Canyon-Los Angeles River,Crystal,Los Angeles,Lower Los Angeles River,St
700,LA1_Page_700.jpg,Tujunga Wash,7.2,TUJUNGA FINE SANDY LOAM,Tujunga Wash-Los Angeles River,Saticoy,Los Angeles,Upper Los Angeles River,St
701,LA1_Page_701.jpg,L A Co Flood Control,6.2,CHINO SILT LOAM,Santa Fe Flood Control Basin-San Gabriel River,4th,San Gabriel,Lower San Gabriel River,Ave
702,LA1_Page_702.jpg,Tujunga Wash,7.2,TUJUNGA FINE SANDY LOAM,Tujunga Wash-Los Angeles River,Chandler,Los Angeles,Upper Los Angeles River,Blvd
703,LA1_Page_703.jpg,,,RAMONA LOAM,Ballona Creek,Virgil,Santa Monica Bay,Ballona Creek,Ave
704,LA1_Page_704.jpg,Ballona Creek,5.6,YOLO CLAY LOAM,Ballona Creek,Washington,Santa Monica Bay,Ballona Creek,Blvd
705,LA1_Page_705.jpg,,,TUJUNGA FINE SANDY LOAM,Chavez Ravine-Los Angeles River,I-710,Los Angeles,Lower Los Angeles River,
706,LA1_Page_706.jpg,Arroyo Seco Channel,7.2,YOLO LOAM,Arroyo Seco,Avenue 64,Los Angeles,Lower Los Angeles River,
707,LA1_Page_707.jpg,,,HANFORD FINE SANDY LOAM,Chavez Ravine-Los Angeles River,,Los Angeles,Lower Los Angeles River,
708,LA1_Page_708.jpg,Browns Creek Channel,7.2,YOLO SANDY LOAM,Browns Canyon Wash,Owensmouth,Los Angeles,Upper Los Angeles River,Ave
709,LA1_Page_709.jpg,,6.2,TUJUNGA FINE SANDY LOAM,Scholl Canyon-Los Angeles River,Larga,Los Angeles,Lower Los Angeles River,Ave
710,LA1_Page_710.jpg,Ballona Creek,5.6,RAMONA LOAM,Ballona Creek,Cloverdale,Santa Monica Bay,Ballona Creek,Ave
711,LA1_Page_711.jpg,,5.6,CHINO SILT LOAM,Santa Monica Beach-Frontal Santa Monica Bay,Speedway,Santa Monica Bay,Garapito Creek-Frontal Santa Monica Bay,
712,LA1_Page_712.jpg,,,DIABLO CLAY LOAM,Bell Creek-Los Angeles River,Fallbrook,Los Angeles,Upper Los Angeles River,Ave
713,LA1_Page_713.jpg,,6.2,CHINO SILT LOAM,Alhambra Wash-Rio Hondo,Garvey,Los Angeles,Rio Hondo,Ave
714,LA1_Page_714.jpg,Los Angeles River,6.6,TUJUNGA FINE SANDY LOAM,Tujunga Wash-Los Angeles River,Ventura,Los Angeles,Upper Los Angeles River,Blvd
715,LA1_Page_715.jpg,,5.8,RAMONA LOAM,Ballona Creek,James M Wood,Santa Monica Bay,Ballona Creek,Blvd
716,LA1_Page_716.jpg,,5.8,RAMONA LOAM,Ballona Creek,8th,Santa Monica Bay,Ballona Creek,St
717,LA1_Page_717.jpg,Arroyo Seco Channel,6.4,HANFORD GRAVELLY SANDY LOAM,Arroyo Seco,Avenue 26,Los Angeles,Lower Los Angeles River,
718,LA1_Page_718.jpg,Arroyo Seco Channel,6.4,HANFORD GRAVELLY SANDY LOAM,Arroyo Seco,Figueroa,Los Angeles,Lower Los Angeles River,St
719,LA1_Page_719.jpg,,,HANFORD GRAVELLY SANDY LOAM,Coyote Creek-San Gabriel River,Foix,San Gabriel,Lower San Gabriel River,Ave
720,LA1_Page_720.jpg,Los Angeles River,6.8,TUJUNGA FINE SANDY LOAM,Tujunga Wash-Los Angeles River,Ventura,Los Angeles,Upper Los Angeles River,Blvd
721,LA1_Page_721.jpg,Arroyo Seco Channel,6.4,HANFORD GRAVELLY SANDY LOAM,Arroyo Seco,Figueroa,Los Angeles,Lower Los Angeles River,St
722,LA1_Page_722.jpg,,,TUJUNGA FINE SANDY LOAM,Santa Fe Flood Control Basin-San Gabriel River,I-605,San Gabriel,Lower San Gabriel River,
723,LA1_Page_723.jpg,Haines Canyon Channel,9,UPPER LOS ANGELES RIVER,Lower Big Tujunga Creek,Foothill,Los Angeles,Big Tujunga Creek,Blvd
724,LA1_Page_724.jpg,Flood Control Dam,,HANFORD SILT LOAM,Coyote Creek-San Gabriel River,I-605,San Gabriel,Lower San Gabriel River,
725,LA1_Page_725.jpg,,,TUJUNGA FINE SANDY LOAM,Compton Creek-Los Angeles River,Gibson,Los Angeles,Lower Los Angeles River,Ave
726,LA1_Page_726.jpg,,6,ALTAMONT CLAY LOAM,Ballona Creek,Glendale,Santa Monica Bay,Ballona Creek,Blvd
727,LA1_Page_727.jpg,,,TUJUNGA FINE SANDY LOAM,Alhambra Wash-Rio Hondo,Telegraph,Los Angeles,Rio Hondo,Rd
728,LA1_Page_728.jpg,,7,TUJUNGA FINE SANDY LOAM,Tujunga Wash-Los Angeles River,Victory,Los Angeles,Upper Los Angeles River,Blvd
729,LA1_Page_729.jpg,Haines Canyon Channel,8.8,HANFORD GRAVELLY SANDY LOAM,Lower Big Tujunga Creek,Commerce,Los Angeles,Big Tujunga Creek,Ave
730,LA1_Page_730.jpg,,6.4,ALTAMONT CLAY LOAM,Chavez Ravine-Los Angeles River,Huntington,Los Angeles,Lower Los Angeles River,Dr
731,LA1_Page_731.jpg,Arroyo Seco Channel,7.2,YOLO LOAM,Arroyo Seco,Avenue 66,Los Angeles,Lower Los Angeles River,
732,LA1_Page_732.jpg,,5.8,RAMONA CLAY LOAM,Ballona Creek,National,Santa Monica Bay,Ballona Creek,Blvd
733,LA1_Page_733.jpg,,6,ALTAMONT CLAY LOAM,Ballona Creek,Golden Gate,Santa Monica Bay,Ballona Creek,Ave
734,LA1_Page_734.jpg,San Jose Creek,,CHINO SILT LOAM,Lower San Jose Creek,Valley,San Gabriel,San Jose Creek,Blvd
735,LA1_Page_735.jpg,,5.6,RAMONA LOAM,Santa Monica Beach-Frontal Santa Monica Bay,Rose,Santa Monica Bay,Garapito Creek-Frontal Santa Monica Bay,Ave
736,LA1_Page_736.jpg,Tujunga Chnl Fld Cnt,7.2,TUJUNGA FINE SANDY LOAM,Tujunga Wash-Los Angeles River,Goodland,Los Angeles,Upper Los Angeles River,Ave
737,LA1_Page_737.jpg,Caballero Creek,8,YOLO FINE SANDY LOAM,Tujunga Wash-Los Angeles River,Ventura,Los Angeles,Upper Los Angeles River,Blvd
738,LA1_Page_738.jpg,Ballona Creek,5.6,RAMONA LOAM,Ballona Creek,Sierra Bonita,Santa Monica Bay,Ballona Creek,Ave
739,LA1_Page_739.jpg,Los Angeles River,,DIABLO CLAY LOAM,Tujunga Wash-Los Angeles River,Greenbush,Los Angeles,Upper Los Angeles River,Ave
740,LA1_Page_740.jpg,Aliso Creek,6.8,YOLO GRAVELLY SANDY LOAM,Tujunga Wash-Los Angeles River,Eddy,Los Angeles,Upper Los Angeles River,St
741,LA1_Page_741.jpg,Bell Creek,6.6,YOLO LOAM,Bell Creek-Los Angeles River,Vanowen,Los Angeles,Upper Los Angeles River,St
742,LA1_Page_742.jpg,,6.8,RAMONA LOAM,Arroyo Seco,Avenue 54,Los Angeles,Lower Los Angeles River,
743,LA1_Page_743.jpg,,6.6,HANFORD FINE SANDY LOAM,Santa Anita Wash-Rio Hondo,Santa Anita,Los Angeles,Rio Hondo,Ave
744,LA1_Page_744.jpg,,6.2,RAMONA LOAM,Chavez Ravine-Los Angeles River,Griffin,Los Angeles,Lower Los Angeles River,Ave
745,LA1_Page_745.jpg,Sepulveda Dam,8.2,YOLO LOAM,Tujunga Wash-Los Angeles River,Rubio,Los Angeles,Upper Los Angeles River,Ave
746,LA1_Page_746.jpg,,,TUJUNGA FINE SANDY LOAM,Compton Creek-Los Angeles River,I-710,Los Angeles,Lower Los Angeles River,
747,LA1_Page_747.jpg,Los Angeles River,7.6,YOLO CLAY LOAM,Tujunga Wash-Los Angeles River,Victory,Los Angeles,Upper Los Angeles River,Blvd
748,LA1_Page_748.jpg,,6.2,HANFORD FINE SANDY LOAM,Santa Fe Flood Control Basin-San Gabriel River,Garvey,San Gabriel,Lower San Gabriel River,Ave
749,LA1_Page_749.jpg,Ballona Creek,5.6,YOLO CLAY LOAM,Ballona Creek,la Cienega,Santa Monica Bay,Ballona Creek,Blvd
750,LA1_Page_750.jpg,Arroyo Seco Channel,6.8,RAMONA LOAM,Arroyo Seco,Avenue 56,Los Angeles,Lower Los Angeles River,
751,LA1_Page_751.jpg,Tujunga Wash,6.6,HANFORD SILT LOAM,Lower Pacoima Wash,I-5,Los Angeles,Upper Los Angeles River,
752,LA1_Page_752.jpg,,6.2,TUJUNGA FINE SANDY LOAM,Santa Fe Flood Control Basin-San Gabriel River,On Ramp (Garvey Ave),San Gabriel,Lower San Gabriel River,
753,LA1_Page_753.jpg,San Jose Creek,,YOLO CLAY LOAM,Lower San Jose Creek,Walnut,San Gabriel,San Jose Creek,Dr
754,LA1_Page_754.jpg,Tujunga Chnl Fld Cnt,7.2,TUJUNGA FINE SANDY LOAM,Tujunga Wash-Los Angeles River,Victory,Los Angeles,Upper Los Angeles River,Blvd
755,LA1_Page_755.jpg,Browns Canyon Wash,7.2,YOLO LOAM,Tujunga Wash-Los Angeles River,Sherman,Los Angeles,Upper Los Angeles River,Way
756,LA1_Page_756.jpg,,6,ALTAMONT CLAY LOAM,Ballona Creek,Lucile,Santa Monica Bay,Ballona Creek,Ave
757,LA1_Page_757.jpg,,5.8,RAMONA LOAM,Ballona Creek,Hoover,Santa Monica Bay,Ballona Creek,St
758,LA1_Page_758.jpg,,5.8,HANFORD FINE SANDY LOAM,Chavez Ravine-Los Angeles River,,Los Angeles,Lower Los Angeles River,
759,LA1_Page_759.jpg,,6,TUJUNGA FINE SANDY LOAM,Chavez Ravine-Los Angeles River,I-710,Los Angeles,Lower Los Angeles River,
760,LA1_Page_760.jpg,,,ALTAMONT CLAY LOAM,Ballona Creek,Hyperion,Santa Monica Bay,Ballona Creek,Ave
761,LA1_Page_761.jpg,San Jose Creek,,YOLO CLAY LOAM,Lower San Jose Creek,Walnut,San Gabriel,San Jose Creek,Dr
762,LA1_Page_762.jpg,762,762,762,762,Wright,762,762,Way
763,LA1_Page_763.jpg,Caballero Creek,8,YOLO FINE SANDY LOAM,Tujunga Wash-Los Angeles River,Otis,Los Angeles,Upper Los Angeles River,Ave
764,LA1_Page_764.jpg,,6,RAMONA LOAM,Chavez Ravine-Los Angeles River,State,Los Angeles,Lower Los Angeles River,St
765,LA1_Page_765.jpg,Ballona Creek,5.6,YOLO CLAY LOAM,Ballona Creek,Washington,Santa Monica Bay,Ballona Creek,Blvd